"1","Jun 14, 2023 19:16:42.837803000 +0530","13.107.42.14","192.168.2.17","6","443","8645",,,"114","1","0","0","0","1","0","TLSv1.2","dc:a6:32:3f:a1:c7","f8:a2:d6:73:99:a7"
"2","Jun 14, 2023 19:16:42.841481000 +0530","192.168.2.17","13.107.42.14","6","8645","443",,,"109","1","0","0","0","1","0","TLSv1.2","f8:a2:d6:73:99:a7","dc:a6:32:3f:a1:c7"
"3","Jun 14, 2023 19:16:42.916107000 +0530","13.107.42.14","192.168.2.17","6","443","8645",,,"60","1","0","0","0","0","0","TCP","dc:a6:32:3f:a1:c7","f8:a2:d6:73:99:a7"
"4","Jun 14, 2023 19:16:43.444681000 +0530","192.168.2.62","255.255.255.255","17",,,"59800","6667","214",,,,,,,"UDP","84:e3:42:e1:52:c5","ff:ff:ff:ff:ff:ff"
"5","Jun 14, 2023 19:16:46.000657000 +0530","192.168.2.17","142.250.192.106","17",,,"62518","443","71",,,,,,,"UDP","f8:a2:d6:73:99:a7","dc:a6:32:3f:a1:c7"
"6","Jun 14, 2023 19:16:46.103790000 +0530","142.250.192.106","192.168.2.17","17",,,"443","62518","67",,,,,,,"UDP","dc:a6:32:3f:a1:c7","f8:a2:d6:73:99:a7"
"7","Jun 14, 2023 19:16:47.161132000 +0530","192.168.2.17","203.23.178.55","6","8675","6568",,,"60","1","0","0","0","0","0","TCP","f8:a2:d6:73:99:a7","dc:a6:32:3f:a1:c7"
"8","Jun 14, 2023 19:16:47.268442000 +0530","203.23.178.55","192.168.2.17","6","6568","8675",,,"60","1","0","0","0","0","0","TCP","dc:a6:32:3f:a1:c7","f8:a2:d6:73:99:a7"
"9","Jun 14, 2023 19:16:47.268443000 +0530","192.168.2.17","203.23.178.55","6","8675","6568",,,"60","1","0","0","0","0","0","TCP","f8:a2:d6:73:99:a7","dc:a6:32:3f:a1:c7"
"10","Jun 14, 2023 19:16:47.370099000 +0530","203.23.178.55","192.168.2.17","6","6568","8675",,,"66","1","0","0","0","0","0","TCP","dc:a6:32:3f:a1:c7","f8:a2:d6:73:99:a7"
"11","Jun 14, 2023 19:16:48.365639000 +0530","192.168.2.62","255.255.255.255","17",,,"59800","6667","214",,,,,,,"UDP","84:e3:42:e1:52:c5","ff:ff:ff:ff:ff:ff"
"12","Jun 14, 2023 19:16:49.033184000 +0530","192.168.2.17","142.250.183.197","6","3283","443",,,"60","1","0","0","0","0","0","TCP","f8:a2:d6:73:99:a7","dc:a6:32:3f:a1:c7"
"13","Jun 14, 2023 19:16:49.106396000 +0530","142.250.183.197","192.168.2.17","6","443","3283",,,"66","1","0","0","0","0","0","TCP","dc:a6:32:3f:a1:c7","f8:a2:d6:73:99:a7"
"14","Jun 14, 2023 19:16:51.234291000 +0530",,,,,,,,"60",,,,,,,"ARP","dc:a6:32:3f:a1:c7","ff:ff:ff:ff:ff:ff"
"15","Jun 14, 2023 19:16:51.234292000 +0530",,,,,,,,"60",,,,,,,"ARP","f8:a2:d6:73:99:a7","dc:a6:32:3f:a1:c7"
"16","Jun 14, 2023 19:16:51.518989000 +0530","142.250.192.106","192.168.2.17","17",,,"443","62518","120",,,,,,,"UDP","dc:a6:32:3f:a1:c7","f8:a2:d6:73:99:a7"
"17","Jun 14, 2023 19:16:51.537029000 +0530","192.168.2.17","142.250.192.106","17",,,"62518","443","75",,,,,,,"UDP","f8:a2:d6:73:99:a7","dc:a6:32:3f:a1:c7"
"18","Jun 14, 2023 19:16:53.492834000 +0530","192.168.2.62","255.255.255.255","17",,,"59800","6667","214",,,,,,,"UDP","84:e3:42:e1:52:c5","ff:ff:ff:ff:ff:ff"
"19","Jun 14, 2023 19:16:54.357434000 +0530","192.168.2.17","152.199.40.67","6","3293","443",,,"60","1","0","0","0","0","0","TCP","f8:a2:d6:73:99:a7","dc:a6:32:3f:a1:c7"
"20","Jun 14, 2023 19:16:54.442223000 +0530","152.199.40.67","192.168.2.17","6","443","3293",,,"66","1","0","0","0","0","0","TCP","dc:a6:32:3f:a1:c7","f8:a2:d6:73:99:a7"
"21","Jun 14, 2023 19:16:56.332598000 +0530","192.168.2.91","192.168.2.62","1",,,,,"98",,,,,,,"ICMP","08:00:27:4a:25:99","84:e3:42:e1:52:c5"
"22","Jun 14, 2023 19:16:56.562168000 +0530",,,,,,,,"60",,,,,,,"ARP","84:e3:42:e1:52:c5","ff:ff:ff:ff:ff:ff"
"23","Jun 14, 2023 19:16:56.562211000 +0530",,,,,,,,"42",,,,,,,"ARP","08:00:27:4a:25:99","84:e3:42:e1:52:c5"
"24","Jun 14, 2023 19:16:56.666237000 +0530","192.168.2.62","192.168.2.91","1",,,,,"98",,,,,,,"ICMP","84:e3:42:e1:52:c5","08:00:27:4a:25:99"
"25","Jun 14, 2023 19:16:57.336083000 +0530","192.168.2.91","192.168.2.62","1",,,,,"98",,,,,,,"ICMP","08:00:27:4a:25:99","84:e3:42:e1:52:c5"
"26","Jun 14, 2023 19:16:57.375101000 +0530","192.168.2.17","203.23.178.55","6","8675","6568",,,"60","1","0","0","0","0","0","TCP","f8:a2:d6:73:99:a7","dc:a6:32:3f:a1:c7"
"27","Jun 14, 2023 19:16:57.383095000 +0530","192.168.2.62","192.168.2.91","1",,,,,"98",,,,,,,"ICMP","84:e3:42:e1:52:c5","08:00:27:4a:25:99"
"28","Jun 14, 2023 19:16:57.512375000 +0530","203.23.178.55","192.168.2.17","6","6568","8675",,,"60","1","0","0","0","0","0","TCP","dc:a6:32:3f:a1:c7","f8:a2:d6:73:99:a7"
"29","Jun 14, 2023 19:16:57.512376000 +0530","192.168.2.17","203.23.178.55","6","8675","6568",,,"60","1","0","0","0","0","0","TCP","f8:a2:d6:73:99:a7","dc:a6:32:3f:a1:c7"
"30","Jun 14, 2023 19:16:57.592078000 +0530","203.23.178.55","192.168.2.17","6","6568","8675",,,"66","1","0","0","0","0","0","TCP","dc:a6:32:3f:a1:c7","f8:a2:d6:73:99:a7"
"31","Jun 14, 2023 19:16:58.200221000 +0530","13.107.42.14","192.168.2.17","6","443","8645",,,"100","1","0","0","0","1","0","TLSv1.2","dc:a6:32:3f:a1:c7","f8:a2:d6:73:99:a7"
"32","Jun 14, 2023 19:16:58.205706000 +0530","192.168.2.17","13.107.42.14","6","8645","443",,,"109","1","0","0","0","1","0","TLSv1.2","f8:a2:d6:73:99:a7","dc:a6:32:3f:a1:c7"
"33","Jun 14, 2023 19:16:58.304520000 +0530","13.107.42.14","192.168.2.17","6","443","8645",,,"100","1","0","0","0","1","0","TCP","dc:a6:32:3f:a1:c7","f8:a2:d6:73:99:a7"
"34","Jun 14, 2023 19:16:58.304521000 +0530","192.168.2.17","13.107.42.14","6","8645","443",,,"66","1","0","0","0","0","0","TCP","f8:a2:d6:73:99:a7","dc:a6:32:3f:a1:c7"
"35","Jun 14, 2023 19:16:58.318465000 +0530","13.107.42.14","192.168.2.17","6","443","8645",,,"60","1","0","0","0","0","0","TCP","dc:a6:32:3f:a1:c7","f8:a2:d6:73:99:a7"
"36","Jun 14, 2023 19:16:58.406910000 +0530","192.168.2.62","255.255.255.255","17",,,"59800","6667","214",,,,,,,"UDP","84:e3:42:e1:52:c5","ff:ff:ff:ff:ff:ff"
"37","Jun 14, 2023 19:16:58.415856000 +0530","192.168.2.91","192.168.2.62","1",,,,,"98",,,,,,,"ICMP","08:00:27:4a:25:99","84:e3:42:e1:52:c5"
"38","Jun 14, 2023 19:16:58.531585000 +0530","192.168.2.62","192.168.2.91","1",,,,,"98",,,,,,,"ICMP","84:e3:42:e1:52:c5","08:00:27:4a:25:99"
"39","Jun 14, 2023 19:16:59.679502000 +0530","192.168.2.91","192.168.2.62","1",,,,,"98",,,,,,,"ICMP","08:00:27:4a:25:99","84:e3:42:e1:52:c5"
"40","Jun 14, 2023 19:16:59.741154000 +0530","192.168.2.62","192.168.2.91","1",,,,,"98",,,,,,,"ICMP","84:e3:42:e1:52:c5","08:00:27:4a:25:99"
"41","Jun 14, 2023 19:17:00.690806000 +0530","192.168.2.91","192.168.2.62","1",,,,,"98",,,,,,,"ICMP","08:00:27:4a:25:99","84:e3:42:e1:52:c5"
"42","Jun 14, 2023 19:17:00.761643000 +0530","192.168.2.62","192.168.2.91","1",,,,,"98",,,,,,,"ICMP","84:e3:42:e1:52:c5","08:00:27:4a:25:99"
"43","Jun 14, 2023 19:17:01.529963000 +0530",,,,,,,,"42",,,,,,,"ARP","08:00:27:4a:25:99","84:e3:42:e1:52:c5"
"44","Jun 14, 2023 19:17:01.581916000 +0530",,,,,,,,"60",,,,,,,"ARP","84:e3:42:e1:52:c5","08:00:27:4a:25:99"
"45","Jun 14, 2023 19:17:01.694482000 +0530","192.168.2.91","192.168.2.62","1",,,,,"98",,,,,,,"ICMP","08:00:27:4a:25:99","84:e3:42:e1:52:c5"
"46","Jun 14, 2023 19:17:01.785231000 +0530","192.168.2.62","192.168.2.91","1",,,,,"98",,,,,,,"ICMP","84:e3:42:e1:52:c5","08:00:27:4a:25:99"
"47","Jun 14, 2023 19:17:02.126451000 +0530","142.250.183.74","192.168.2.17","6","443","8635",,,"160","1","0","0","0","1","0","TLSv1.2","dc:a6:32:3f:a1:c7","f8:a2:d6:73:99:a7"
"48","Jun 14, 2023 19:17:02.164231000 +0530","192.168.2.17","142.250.183.74","6","8635","443",,,"60","1","0","0","0","0","0","TCP","f8:a2:d6:73:99:a7","dc:a6:32:3f:a1:c7"
"49","Jun 14, 2023 19:17:02.739209000 +0530","192.168.2.91","192.168.2.62","1",,,,,"98",,,,,,,"ICMP","08:00:27:4a:25:99","84:e3:42:e1:52:c5"
"50","Jun 14, 2023 19:17:02.812286000 +0530","192.168.2.62","192.168.2.91","1",,,,,"98",,,,,,,"ICMP","84:e3:42:e1:52:c5","08:00:27:4a:25:99"
"51","Jun 14, 2023 19:17:03.323306000 +0530","192.168.2.62","255.255.255.255","17",,,"59800","6667","214",,,,,,,"UDP","84:e3:42:e1:52:c5","ff:ff:ff:ff:ff:ff"
"52","Jun 14, 2023 19:17:03.539801000 +0530","192.168.2.17","13.107.42.14","6","8645","443",,,"4916","1","0","0","0","1","0","TLSv1.2","f8:a2:d6:73:99:a7","dc:a6:32:3f:a1:c7"
"53","Jun 14, 2023 19:17:03.639007000 +0530","13.107.42.14","192.168.2.17","6","443","8645",,,"60","1","0","0","0","0","0","TCP","dc:a6:32:3f:a1:c7","f8:a2:d6:73:99:a7"
"54","Jun 14, 2023 19:17:03.639008000 +0530","13.107.42.14","192.168.2.17","6","443","8645",,,"60","1","0","0","0","0","0","TCP","dc:a6:32:3f:a1:c7","f8:a2:d6:73:99:a7"
"55","Jun 14, 2023 19:17:03.650941000 +0530","13.107.42.14","192.168.2.17","6","443","8645",,,"60","1","0","0","0","0","0","TCP","dc:a6:32:3f:a1:c7","f8:a2:d6:73:99:a7"
"56","Jun 14, 2023 19:17:03.763840000 +0530","192.168.2.91","192.168.2.62","1",,,,,"98",,,,,,,"ICMP","08:00:27:4a:25:99","84:e3:42:e1:52:c5"
"57","Jun 14, 2023 19:17:03.835981000 +0530","192.168.2.62","192.168.2.91","1",,,,,"98",,,,,,,"ICMP","84:e3:42:e1:52:c5","08:00:27:4a:25:99"
"58","Jun 14, 2023 19:17:03.841639000 +0530","13.107.42.14","192.168.2.17","6","443","8645",,,"299","1","0","0","0","1","0","TLSv1.2","dc:a6:32:3f:a1:c7","f8:a2:d6:73:99:a7"
"59","Jun 14, 2023 19:17:03.881977000 +0530","192.168.2.17","13.107.42.14","6","8645","443",,,"60","1","0","0","0","0","0","TCP","f8:a2:d6:73:99:a7","dc:a6:32:3f:a1:c7"
"60","Jun 14, 2023 19:17:04.779341000 +0530","192.168.2.91","192.168.2.62","1",,,,,"98",,,,,,,"ICMP","08:00:27:4a:25:99","84:e3:42:e1:52:c5"
"61","Jun 14, 2023 19:17:04.794753000 +0530","192.168.2.62","192.168.2.91","1",,,,,"98",,,,,,,"ICMP","84:e3:42:e1:52:c5","08:00:27:4a:25:99"
"62","Jun 14, 2023 19:17:05.393497000 +0530","192.168.2.17","239.255.255.250","17",,,"62999","1900","217",,,,,,,"SSDP","f8:a2:d6:73:99:a7","01:00:5e:7f:ff:fa"
"63","Jun 14, 2023 19:17:05.412760000 +0530","192.168.2.17","239.255.255.250","17",,,"63002","1900","217",,,,,,,"SSDP","f8:a2:d6:73:99:a7","01:00:5e:7f:ff:fa"
"64","Jun 14, 2023 19:17:05.781364000 +0530","192.168.2.91","192.168.2.62","1",,,,,"98",,,,,,,"ICMP","08:00:27:4a:25:99","84:e3:42:e1:52:c5"
"65","Jun 14, 2023 19:17:05.787582000 +0530","192.168.2.62","192.168.2.91","1",,,,,"98",,,,,,,"ICMP","84:e3:42:e1:52:c5","08:00:27:4a:25:99"
"66","Jun 14, 2023 19:17:06.397233000 +0530","192.168.2.17","239.255.255.250","17",,,"62999","1900","217",,,,,,,"SSDP","f8:a2:d6:73:99:a7","01:00:5e:7f:ff:fa"
"67","Jun 14, 2023 19:17:06.415265000 +0530","192.168.2.17","239.255.255.250","17",,,"63002","1900","217",,,,,,,"SSDP","f8:a2:d6:73:99:a7","01:00:5e:7f:ff:fa"
"68","Jun 14, 2023 19:17:06.527988000 +0530","192.168.2.17","142.250.192.106","17",,,"62518","443","71",,,,,,,"UDP","f8:a2:d6:73:99:a7","dc:a6:32:3f:a1:c7"
"69","Jun 14, 2023 19:17:06.651656000 +0530","142.250.192.106","192.168.2.17","17",,,"443","62518","67",,,,,,,"UDP","dc:a6:32:3f:a1:c7","f8:a2:d6:73:99:a7"
"70","Jun 14, 2023 19:17:06.784083000 +0530","192.168.2.91","192.168.2.62","1",,,,,"98",,,,,,,"ICMP","08:00:27:4a:25:99","84:e3:42:e1:52:c5"
"71","Jun 14, 2023 19:17:06.789883000 +0530","192.168.2.62","192.168.2.91","1",,,,,"98",,,,,,,"ICMP","84:e3:42:e1:52:c5","08:00:27:4a:25:99"
"72","Jun 14, 2023 19:17:07.397346000 +0530","192.168.2.17","239.255.255.250","17",,,"62999","1900","217",,,,,,,"SSDP","f8:a2:d6:73:99:a7","01:00:5e:7f:ff:fa"
"73","Jun 14, 2023 19:17:07.429456000 +0530","192.168.2.17","239.255.255.250","17",,,"63002","1900","217",,,,,,,"SSDP","f8:a2:d6:73:99:a7","01:00:5e:7f:ff:fa"
"74","Jun 14, 2023 19:17:07.597494000 +0530","192.168.2.17","203.23.178.55","6","8675","6568",,,"60","1","0","0","0","0","0","TCP","f8:a2:d6:73:99:a7","dc:a6:32:3f:a1:c7"
"75","Jun 14, 2023 19:17:07.771672000 +0530","203.23.178.55","192.168.2.17","6","6568","8675",,,"60","1","0","0","0","0","0","TCP","dc:a6:32:3f:a1:c7","f8:a2:d6:73:99:a7"
"76","Jun 14, 2023 19:17:07.771673000 +0530","192.168.2.17","203.23.178.55","6","8675","6568",,,"60","1","0","0","0","0","0","TCP","f8:a2:d6:73:99:a7","dc:a6:32:3f:a1:c7"
"77","Jun 14, 2023 19:17:07.790946000 +0530","192.168.2.91","192.168.2.62","1",,,,,"98",,,,,,,"ICMP","08:00:27:4a:25:99","84:e3:42:e1:52:c5"
"78","Jun 14, 2023 19:17:07.796929000 +0530","192.168.2.62","192.168.2.91","1",,,,,"98",,,,,,,"ICMP","84:e3:42:e1:52:c5","08:00:27:4a:25:99"
"79","Jun 14, 2023 19:17:07.835940000 +0530","203.23.178.55","192.168.2.17","6","6568","8675",,,"66","1","0","0","0","0","0","TCP","dc:a6:32:3f:a1:c7","f8:a2:d6:73:99:a7"
"80","Jun 14, 2023 19:17:08.145749000 +0530","192.168.2.17","74.125.24.188","6","8650","5228",,,"60","1","0","0","0","0","0","TCP","f8:a2:d6:73:99:a7","dc:a6:32:3f:a1:c7"
"81","Jun 14, 2023 19:17:08.255004000 +0530","74.125.24.188","192.168.2.17","6","5228","8650",,,"66","1","0","0","0","0","0","TCP","dc:a6:32:3f:a1:c7","f8:a2:d6:73:99:a7"
"82","Jun 14, 2023 19:17:08.398412000 +0530","192.168.2.17","239.255.255.250","17",,,"62999","1900","217",,,,,,,"SSDP","f8:a2:d6:73:99:a7","01:00:5e:7f:ff:fa"
"83","Jun 14, 2023 19:17:08.418129000 +0530","192.168.2.17","239.255.255.250","17",,,"63002","1900","217",,,,,,,"SSDP","f8:a2:d6:73:99:a7","01:00:5e:7f:ff:fa"
"84","Jun 14, 2023 19:17:08.443554000 +0530","192.168.2.62","255.255.255.255","17",,,"59800","6667","214",,,,,,,"UDP","84:e3:42:e1:52:c5","ff:ff:ff:ff:ff:ff"
"85","Jun 14, 2023 19:17:08.793056000 +0530","192.168.2.91","192.168.2.62","1",,,,,"98",,,,,,,"ICMP","08:00:27:4a:25:99","84:e3:42:e1:52:c5"
"86","Jun 14, 2023 19:17:08.806740000 +0530","192.168.2.62","192.168.2.91","1",,,,,"98",,,,,,,"ICMP","84:e3:42:e1:52:c5","08:00:27:4a:25:99"
"87","Jun 14, 2023 19:17:09.797461000 +0530","192.168.2.91","192.168.2.62","1",,,,,"98",,,,,,,"ICMP","08:00:27:4a:25:99","84:e3:42:e1:52:c5"
"88","Jun 14, 2023 19:17:09.805395000 +0530","192.168.2.62","192.168.2.91","1",,,,,"98",,,,,,,"ICMP","84:e3:42:e1:52:c5","08:00:27:4a:25:99"
"89","Jun 14, 2023 19:17:10.494786000 +0530","172.217.166.170","192.168.2.17","6","443","3249",,,"60","1","0","1","0","0","0","TCP","dc:a6:32:3f:a1:c7","f8:a2:d6:73:99:a7"
"90","Jun 14, 2023 19:17:10.494787000 +0530","192.168.2.17","172.217.166.170","6","3249","443",,,"60","1","0","0","0","0","0","TCP","f8:a2:d6:73:99:a7","dc:a6:32:3f:a1:c7"
"91","Jun 14, 2023 19:17:10.834745000 +0530","192.168.2.91","192.168.2.62","1",,,,,"98",,,,,,,"ICMP","08:00:27:4a:25:99","84:e3:42:e1:52:c5"
"92","Jun 14, 2023 19:17:10.843560000 +0530","192.168.2.62","192.168.2.91","1",,,,,"98",,,,,,,"ICMP","84:e3:42:e1:52:c5","08:00:27:4a:25:99"
"93","Jun 14, 2023 19:17:11.793339000 +0530","192.168.2.17","34.111.24.1","6","12159","443",,,"60","1","0","0","0","0","0","TCP","f8:a2:d6:73:99:a7","dc:a6:32:3f:a1:c7"
"94","Jun 14, 2023 19:17:11.838668000 +0530","192.168.2.91","192.168.2.62","1",,,,,"98",,,,,,,"ICMP","08:00:27:4a:25:99","84:e3:42:e1:52:c5"
"95","Jun 14, 2023 19:17:11.845900000 +0530","192.168.2.62","192.168.2.91","1",,,,,"98",,,,,,,"ICMP","84:e3:42:e1:52:c5","08:00:27:4a:25:99"
"96","Jun 14, 2023 19:17:11.857334000 +0530","34.111.24.1","192.168.2.17","6","443","12159",,,"66","1","0","0","0","0","0","TCP","dc:a6:32:3f:a1:c7","f8:a2:d6:73:99:a7"
"97","Jun 14, 2023 19:17:12.543539000 +0530","142.250.192.106","192.168.2.17","17",,,"443","62518","121",,,,,,,"UDP","dc:a6:32:3f:a1:c7","f8:a2:d6:73:99:a7"
"98","Jun 14, 2023 19:17:12.565800000 +0530","192.168.2.17","142.250.192.106","17",,,"62518","443","75",,,,,,,"UDP","f8:a2:d6:73:99:a7","dc:a6:32:3f:a1:c7"
"99","Jun 14, 2023 19:17:12.838048000 +0530","13.107.42.14","192.168.2.17","6","443","8645",,,"100","1","0","0","0","1","0","TLSv1.2","dc:a6:32:3f:a1:c7","f8:a2:d6:73:99:a7"
"100","Jun 14, 2023 19:17:12.841521000 +0530","192.168.2.17","13.107.42.14","6","8645","443",,,"109","1","0","0","0","1","0","TLSv1.2","f8:a2:d6:73:99:a7","dc:a6:32:3f:a1:c7"
"101","Jun 14, 2023 19:17:12.841999000 +0530","192.168.2.91","192.168.2.62","1",,,,,"98",,,,,,,"ICMP","08:00:27:4a:25:99","84:e3:42:e1:52:c5"
"102","Jun 14, 2023 19:17:12.853216000 +0530","192.168.2.62","192.168.2.91","1",,,,,"98",,,,,,,"ICMP","84:e3:42:e1:52:c5","08:00:27:4a:25:99"
"103","Jun 14, 2023 19:17:12.910266000 +0530","13.107.42.14","192.168.2.17","6","443","8645",,,"60","1","0","0","0","0","0","TCP","dc:a6:32:3f:a1:c7","f8:a2:d6:73:99:a7"
"104","Jun 14, 2023 19:17:12.996491000 +0530","192.168.2.17","34.159.202.232","6","8680","7500",,,"60","1","0","0","0","0","0","TCP","f8:a2:d6:73:99:a7","dc:a6:32:3f:a1:c7"
"105","Jun 14, 2023 19:17:13.249849000 +0530","34.159.202.232","192.168.2.17","6","7500","8680",,,"66","1","0","0","0","0","0","TCP","dc:a6:32:3f:a1:c7","f8:a2:d6:73:99:a7"
"106","Jun 14, 2023 19:17:13.365041000 +0530","192.168.2.62","255.255.255.255","17",,,"59800","6667","214",,,,,,,"UDP","84:e3:42:e1:52:c5","ff:ff:ff:ff:ff:ff"
"107","Jun 14, 2023 19:17:13.844465000 +0530","192.168.2.91","192.168.2.62","1",,,,,"98",,,,,,,"ICMP","08:00:27:4a:25:99","84:e3:42:e1:52:c5"
"108","Jun 14, 2023 19:17:13.855227000 +0530","192.168.2.62","192.168.2.91","1",,,,,"98",,,,,,,"ICMP","84:e3:42:e1:52:c5","08:00:27:4a:25:99"
"109","Jun 14, 2023 19:17:14.845499000 +0530","192.168.2.91","192.168.2.62","1",,,,,"98",,,,,,,"ICMP","08:00:27:4a:25:99","84:e3:42:e1:52:c5"
"110","Jun 14, 2023 19:17:14.853318000 +0530","192.168.2.62","192.168.2.91","1",,,,,"98",,,,,,,"ICMP","84:e3:42:e1:52:c5","08:00:27:4a:25:99"
"111","Jun 14, 2023 19:17:15.846644000 +0530","192.168.2.91","192.168.2.62","1",,,,,"98",,,,,,,"ICMP","08:00:27:4a:25:99","84:e3:42:e1:52:c5"
"112","Jun 14, 2023 19:17:15.857203000 +0530","192.168.2.62","192.168.2.91","1",,,,,"98",,,,,,,"ICMP","84:e3:42:e1:52:c5","08:00:27:4a:25:99"
"113","Jun 14, 2023 19:17:16.014108000 +0530","142.250.192.106","192.168.2.17","17",,,"443","62518","797",,,,,,,"UDP","dc:a6:32:3f:a1:c7","f8:a2:d6:73:99:a7"
"114","Jun 14, 2023 19:17:16.033318000 +0530","192.168.2.17","142.250.192.106","17",,,"62518","443","75",,,,,,,"UDP","f8:a2:d6:73:99:a7","dc:a6:32:3f:a1:c7"
"115","Jun 14, 2023 19:17:16.884668000 +0530","192.168.2.91","192.168.2.62","1",,,,,"98",,,,,,,"ICMP","08:00:27:4a:25:99","84:e3:42:e1:52:c5"
"116","Jun 14, 2023 19:17:16.891216000 +0530","192.168.2.62","192.168.2.91","1",,,,,"98",,,,,,,"ICMP","84:e3:42:e1:52:c5","08:00:27:4a:25:99"
"117","Jun 14, 2023 19:17:17.840469000 +0530","192.168.2.17","203.23.178.55","6","8675","6568",,,"60","1","0","0","0","0","0","TCP","f8:a2:d6:73:99:a7","dc:a6:32:3f:a1:c7"
"118","Jun 14, 2023 19:17:17.888816000 +0530","192.168.2.91","192.168.2.62","1",,,,,"98",,,,,,,"ICMP","08:00:27:4a:25:99","84:e3:42:e1:52:c5"
"119","Jun 14, 2023 19:17:17.897167000 +0530","192.168.2.62","192.168.2.91","1",,,,,"98",,,,,,,"ICMP","84:e3:42:e1:52:c5","08:00:27:4a:25:99"
"120","Jun 14, 2023 19:17:18.003509000 +0530","203.23.178.55","192.168.2.17","6","6568","8675",,,"60","1","0","0","0","0","0","TCP","dc:a6:32:3f:a1:c7","f8:a2:d6:73:99:a7"
"121","Jun 14, 2023 19:17:18.003510000 +0530","192.168.2.17","203.23.178.55","6","8675","6568",,,"60","1","0","0","0","0","0","TCP","f8:a2:d6:73:99:a7","dc:a6:32:3f:a1:c7"
"122","Jun 14, 2023 19:17:18.032777000 +0530","203.23.178.55","192.168.2.17","6","6568","8675",,,"66","1","0","0","0","0","0","TCP","dc:a6:32:3f:a1:c7","f8:a2:d6:73:99:a7"
"123","Jun 14, 2023 19:17:18.487920000 +0530","192.168.2.62","255.255.255.255","17",,,"59800","6667","214",,,,,,,"UDP","84:e3:42:e1:52:c5","ff:ff:ff:ff:ff:ff"
"124","Jun 14, 2023 19:17:18.890093000 +0530","192.168.2.91","192.168.2.62","1",,,,,"98",,,,,,,"ICMP","08:00:27:4a:25:99","84:e3:42:e1:52:c5"
"125","Jun 14, 2023 19:17:18.896994000 +0530","192.168.2.62","192.168.2.91","1",,,,,"98",,,,,,,"ICMP","84:e3:42:e1:52:c5","08:00:27:4a:25:99"
"126","Jun 14, 2023 19:17:19.896893000 +0530","192.168.2.91","192.168.2.62","1",,,,,"98",,,,,,,"ICMP","08:00:27:4a:25:99","84:e3:42:e1:52:c5"
"127","Jun 14, 2023 19:17:19.904084000 +0530","192.168.2.62","192.168.2.91","1",,,,,"98",,,,,,,"ICMP","84:e3:42:e1:52:c5","08:00:27:4a:25:99"
"128","Jun 14, 2023 19:17:20.948104000 +0530","192.168.2.91","192.168.2.62","1",,,,,"98",,,,,,,"ICMP","08:00:27:4a:25:99","84:e3:42:e1:52:c5"
"129","Jun 14, 2023 19:17:20.958366000 +0530","192.168.2.62","192.168.2.91","1",,,,,"98",,,,,,,"ICMP","84:e3:42:e1:52:c5","08:00:27:4a:25:99"
"130","Jun 14, 2023 19:17:21.955823000 +0530","192.168.2.91","192.168.2.62","1",,,,,"98",,,,,,,"ICMP","08:00:27:4a:25:99","84:e3:42:e1:52:c5"
"131","Jun 14, 2023 19:17:21.966602000 +0530","192.168.2.62","192.168.2.91","1",,,,,"98",,,,,,,"ICMP","84:e3:42:e1:52:c5","08:00:27:4a:25:99"
"132","Jun 14, 2023 19:17:22.965500000 +0530","192.168.2.91","192.168.2.62","1",,,,,"98",,,,,,,"ICMP","08:00:27:4a:25:99","84:e3:42:e1:52:c5"
"133","Jun 14, 2023 19:17:22.973206000 +0530","192.168.2.62","192.168.2.91","1",,,,,"98",,,,,,,"ICMP","84:e3:42:e1:52:c5","08:00:27:4a:25:99"
"134","Jun 14, 2023 19:17:23.406033000 +0530","192.168.2.62","255.255.255.255","17",,,"59800","6667","214",,,,,,,"UDP","84:e3:42:e1:52:c5","ff:ff:ff:ff:ff:ff"
"135","Jun 14, 2023 19:17:23.977502000 +0530","192.168.2.91","192.168.2.62","1",,,,,"98",,,,,,,"ICMP","08:00:27:4a:25:99","84:e3:42:e1:52:c5"
"136","Jun 14, 2023 19:17:23.984847000 +0530","192.168.2.62","192.168.2.91","1",,,,,"98",,,,,,,"ICMP","84:e3:42:e1:52:c5","08:00:27:4a:25:99"
"137","Jun 14, 2023 19:17:24.987969000 +0530","192.168.2.91","192.168.2.62","1",,,,,"98",,,,,,,"ICMP","08:00:27:4a:25:99","84:e3:42:e1:52:c5"
"138","Jun 14, 2023 19:17:24.995045000 +0530","192.168.2.62","192.168.2.91","1",,,,,"98",,,,,,,"ICMP","84:e3:42:e1:52:c5","08:00:27:4a:25:99"
"139","Jun 14, 2023 19:17:25.989851000 +0530","192.168.2.91","192.168.2.62","1",,,,,"98",,,,,,,"ICMP","08:00:27:4a:25:99","84:e3:42:e1:52:c5"
"140","Jun 14, 2023 19:17:25.996637000 +0530","192.168.2.62","192.168.2.91","1",,,,,"98",,,,,,,"ICMP","84:e3:42:e1:52:c5","08:00:27:4a:25:99"
"141","Jun 14, 2023 19:17:26.996745000 +0530","192.168.2.91","192.168.2.62","1",,,,,"98",,,,,,,"ICMP","08:00:27:4a:25:99","84:e3:42:e1:52:c5"
"142","Jun 14, 2023 19:17:27.004524000 +0530","192.168.2.62","192.168.2.91","1",,,,,"98",,,,,,,"ICMP","84:e3:42:e1:52:c5","08:00:27:4a:25:99"
"143","Jun 14, 2023 19:17:27.466685000 +0530","192.168.2.17","13.33.33.118","6","12163","443",,,"60","1","0","0","0","0","0","TCP","f8:a2:d6:73:99:a7","dc:a6:32:3f:a1:c7"
"144","Jun 14, 2023 19:17:27.670607000 +0530","13.33.33.118","192.168.2.17","6","443","12163",,,"66","1","0","0","0","0","0","TCP","dc:a6:32:3f:a1:c7","f8:a2:d6:73:99:a7"
"145","Jun 14, 2023 19:17:27.708073000 +0530","0.0.0.0","255.255.255.255","17",,,"68","67","384",,,,,,,"DHCP","dc:a6:32:3f:a1:c7","ff:ff:ff:ff:ff:ff"
"146","Jun 14, 2023 19:17:27.856627000 +0530","13.107.42.14","192.168.2.17","6","443","8645",,,"100","1","0","0","0","1","0","TLSv1.2","dc:a6:32:3f:a1:c7","f8:a2:d6:73:99:a7"
"147","Jun 14, 2023 19:17:27.856628000 +0530","192.168.2.17","13.107.42.14","6","8645","443",,,"96","1","0","0","0","1","0","TLSv1.2","f8:a2:d6:73:99:a7","dc:a6:32:3f:a1:c7"
"148","Jun 14, 2023 19:17:27.856629000 +0530","192.168.2.17","13.107.42.14","6","8645","443",,,"96","1","0","0","0","1","0","TLSv1.2","f8:a2:d6:73:99:a7","dc:a6:32:3f:a1:c7"
"149","Jun 14, 2023 19:17:27.918809000 +0530","13.107.42.14","192.168.2.17","6","443","8645",,,"60","1","0","0","0","0","0","TCP","dc:a6:32:3f:a1:c7","f8:a2:d6:73:99:a7"
"150","Jun 14, 2023 19:17:27.927077000 +0530","13.107.42.14","192.168.2.17","6","443","8645",,,"60","1","0","0","0","0","0","TCP","dc:a6:32:3f:a1:c7","f8:a2:d6:73:99:a7"
"151","Jun 14, 2023 19:17:28.002120000 +0530","192.168.2.91","192.168.2.62","1",,,,,"98",,,,,,,"ICMP","08:00:27:4a:25:99","84:e3:42:e1:52:c5"
"152","Jun 14, 2023 19:17:28.010215000 +0530","192.168.2.62","192.168.2.91","1",,,,,"98",,,,,,,"ICMP","84:e3:42:e1:52:c5","08:00:27:4a:25:99"
"153","Jun 14, 2023 19:17:28.038673000 +0530","192.168.2.17","203.23.178.55","6","8675","6568",,,"60","1","0","0","0","0","0","TCP","f8:a2:d6:73:99:a7","dc:a6:32:3f:a1:c7"
"154","Jun 14, 2023 19:17:28.261206000 +0530","203.23.178.55","192.168.2.17","6","6568","8675",,,"66","1","0","0","0","0","0","TCP","dc:a6:32:3f:a1:c7","f8:a2:d6:73:99:a7"
"155","Jun 14, 2023 19:17:28.526189000 +0530","192.168.2.62","255.255.255.255","17",,,"59800","6667","214",,,,,,,"UDP","84:e3:42:e1:52:c5","ff:ff:ff:ff:ff:ff"
"156","Jun 14, 2023 19:17:29.015232000 +0530","192.168.2.91","192.168.2.62","1",,,,,"98",,,,,,,"ICMP","08:00:27:4a:25:99","84:e3:42:e1:52:c5"
"157","Jun 14, 2023 19:17:29.021819000 +0530","192.168.2.62","192.168.2.91","1",,,,,"98",,,,,,,"ICMP","84:e3:42:e1:52:c5","08:00:27:4a:25:99"
"158","Jun 14, 2023 19:17:30.019457000 +0530","192.168.2.91","192.168.2.62","1",,,,,"98",,,,,,,"ICMP","08:00:27:4a:25:99","84:e3:42:e1:52:c5"
"159","Jun 14, 2023 19:17:30.027208000 +0530","192.168.2.62","192.168.2.91","1",,,,,"98",,,,,,,"ICMP","84:e3:42:e1:52:c5","08:00:27:4a:25:99"
"160","Jun 14, 2023 19:17:31.025700000 +0530","192.168.2.17","142.250.192.106","17",,,"62518","443","71",,,,,,,"UDP","f8:a2:d6:73:99:a7","dc:a6:32:3f:a1:c7"
"161","Jun 14, 2023 19:17:31.029313000 +0530","192.168.2.91","192.168.2.62","1",,,,,"98",,,,,,,"ICMP","08:00:27:4a:25:99","84:e3:42:e1:52:c5"
"162","Jun 14, 2023 19:17:31.035031000 +0530","192.168.2.62","192.168.2.91","1",,,,,"98",,,,,,,"ICMP","84:e3:42:e1:52:c5","08:00:27:4a:25:99"
"163","Jun 14, 2023 19:17:31.118447000 +0530","142.250.192.106","192.168.2.17","17",,,"443","62518","67",,,,,,,"UDP","dc:a6:32:3f:a1:c7","f8:a2:d6:73:99:a7"
"164","Jun 14, 2023 19:17:32.044525000 +0530","192.168.2.91","192.168.2.62","1",,,,,"98",,,,,,,"ICMP","08:00:27:4a:25:99","84:e3:42:e1:52:c5"
"165","Jun 14, 2023 19:17:32.051412000 +0530","192.168.2.62","192.168.2.91","1",,,,,"98",,,,,,,"ICMP","84:e3:42:e1:52:c5","08:00:27:4a:25:99"
"166","Jun 14, 2023 19:17:32.139610000 +0530","142.250.183.74","192.168.2.17","6","443","8635",,,"103","1","0","0","0","1","0","TLSv1.2","dc:a6:32:3f:a1:c7","f8:a2:d6:73:99:a7"
"167","Jun 14, 2023 19:17:32.181362000 +0530","192.168.2.17","142.250.183.74","6","8635","443",,,"60","1","0","0","0","0","0","TCP","f8:a2:d6:73:99:a7","dc:a6:32:3f:a1:c7"
"168","Jun 14, 2023 19:17:33.048800000 +0530","192.168.2.91","192.168.2.62","1",,,,,"98",,,,,,,"ICMP","08:00:27:4a:25:99","84:e3:42:e1:52:c5"
"169","Jun 14, 2023 19:17:33.057998000 +0530","192.168.2.62","192.168.2.91","1",,,,,"98",,,,,,,"ICMP","84:e3:42:e1:52:c5","08:00:27:4a:25:99"
"170","Jun 14, 2023 19:17:33.137631000 +0530","142.250.192.106","192.168.2.17","17",,,"443","62518","121",,,,,,,"UDP","dc:a6:32:3f:a1:c7","f8:a2:d6:73:99:a7"
"171","Jun 14, 2023 19:17:33.137632000 +0530","142.250.192.106","192.168.2.17","17",,,"443","62518","65",,,,,,,"UDP","dc:a6:32:3f:a1:c7","f8:a2:d6:73:99:a7"
"172","Jun 14, 2023 19:17:33.158476000 +0530","192.168.2.17","142.250.192.106","17",,,"62518","443","75",,,,,,,"UDP","f8:a2:d6:73:99:a7","dc:a6:32:3f:a1:c7"
"173","Jun 14, 2023 19:17:33.204842000 +0530","192.168.2.17","142.250.199.170","17",,,"56732","443","1292",,,,,,,"QUIC","f8:a2:d6:73:99:a7","dc:a6:32:3f:a1:c7"
"174","Jun 14, 2023 19:17:33.204842000 +0530","192.168.2.17","142.250.199.170","17",,,"56732","443","118",,,,,,,"QUIC","f8:a2:d6:73:99:a7","dc:a6:32:3f:a1:c7"
"175","Jun 14, 2023 19:17:33.206054000 +0530","192.168.2.17","142.250.199.170","17",,,"56732","443","538",,,,,,,"QUIC","f8:a2:d6:73:99:a7","dc:a6:32:3f:a1:c7"
"176","Jun 14, 2023 19:17:33.331904000 +0530","142.250.199.170","192.168.2.17","17",,,"443","56732","1292",,,,,,,"QUIC","dc:a6:32:3f:a1:c7","f8:a2:d6:73:99:a7"
"177","Jun 14, 2023 19:17:33.370034000 +0530","142.250.199.170","192.168.2.17","17",,,"443","56732","1292",,,,,,,"QUIC","dc:a6:32:3f:a1:c7","f8:a2:d6:73:99:a7"
"178","Jun 14, 2023 19:17:33.373964000 +0530","142.250.199.170","192.168.2.17","17",,,"443","56732","856",,,,,,,"QUIC","dc:a6:32:3f:a1:c7","f8:a2:d6:73:99:a7"
"179","Jun 14, 2023 19:17:33.373965000 +0530","142.250.199.170","192.168.2.17","17",,,"443","56732","226",,,,,,,"QUIC","dc:a6:32:3f:a1:c7","f8:a2:d6:73:99:a7"
"180","Jun 14, 2023 19:17:33.373965000 +0530","142.250.199.170","192.168.2.17","17",,,"443","56732","66",,,,,,,"QUIC","dc:a6:32:3f:a1:c7","f8:a2:d6:73:99:a7"
"181","Jun 14, 2023 19:17:33.390957000 +0530","192.168.2.17","142.250.199.170","17",,,"56732","443","1292",,,,,,,"QUIC","f8:a2:d6:73:99:a7","dc:a6:32:3f:a1:c7"
"182","Jun 14, 2023 19:17:33.395498000 +0530","192.168.2.17","142.250.199.170","17",,,"56732","443","120",,,,,,,"QUIC","f8:a2:d6:73:99:a7","dc:a6:32:3f:a1:c7"
"183","Jun 14, 2023 19:17:33.395499000 +0530","192.168.2.17","142.250.199.170","17",,,"56732","443","73",,,,,,,"QUIC","f8:a2:d6:73:99:a7","dc:a6:32:3f:a1:c7"
"184","Jun 14, 2023 19:17:33.423534000 +0530","192.168.2.17","142.250.199.170","17",,,"56732","443","74",,,,,,,"QUIC","f8:a2:d6:73:99:a7","dc:a6:32:3f:a1:c7"
"185","Jun 14, 2023 19:17:33.446091000 +0530","192.168.2.62","255.255.255.255","17",,,"59800","6667","214",,,,,,,"UDP","84:e3:42:e1:52:c5","ff:ff:ff:ff:ff:ff"
"186","Jun 14, 2023 19:17:33.488802000 +0530","142.250.199.170","192.168.2.17","17",,,"443","56732","162",,,,,,,"QUIC","dc:a6:32:3f:a1:c7","f8:a2:d6:73:99:a7"
"187","Jun 14, 2023 19:17:33.488803000 +0530","142.250.199.170","192.168.2.17","17",,,"443","56732","64",,,,,,,"QUIC","dc:a6:32:3f:a1:c7","f8:a2:d6:73:99:a7"
"188","Jun 14, 2023 19:17:33.491463000 +0530","192.168.2.17","142.250.199.170","17",,,"56732","443","73",,,,,,,"QUIC","f8:a2:d6:73:99:a7","dc:a6:32:3f:a1:c7"
"189","Jun 14, 2023 19:17:33.607653000 +0530","142.250.199.170","192.168.2.17","17",,,"443","56732","242",,,,,,,"QUIC","dc:a6:32:3f:a1:c7","f8:a2:d6:73:99:a7"
"190","Jun 14, 2023 19:17:33.607655000 +0530","142.250.199.170","192.168.2.17","17",,,"443","56732","63",,,,,,,"QUIC","dc:a6:32:3f:a1:c7","f8:a2:d6:73:99:a7"
"191","Jun 14, 2023 19:17:33.610599000 +0530","192.168.2.17","142.250.199.170","17",,,"56732","443","77",,,,,,,"QUIC","f8:a2:d6:73:99:a7","dc:a6:32:3f:a1:c7"
"192","Jun 14, 2023 19:17:33.616362000 +0530","192.168.2.17","142.250.192.106","17",,,"62518","443","349",,,,,,,"UDP","f8:a2:d6:73:99:a7","dc:a6:32:3f:a1:c7"
"193","Jun 14, 2023 19:17:33.637762000 +0530","192.168.2.17","142.250.199.170","17",,,"56732","443","74",,,,,,,"QUIC","f8:a2:d6:73:99:a7","dc:a6:32:3f:a1:c7"
"194","Jun 14, 2023 19:17:33.688540000 +0530","142.250.199.170","192.168.2.17","17",,,"443","56732","67",,,,,,,"QUIC","dc:a6:32:3f:a1:c7","f8:a2:d6:73:99:a7"
"195","Jun 14, 2023 19:17:33.688541000 +0530","142.250.192.106","192.168.2.17","17",,,"443","62518","71",,,,,,,"UDP","dc:a6:32:3f:a1:c7","f8:a2:d6:73:99:a7"
"196","Jun 14, 2023 19:17:33.708599000 +0530","192.168.2.17","142.250.192.106","17",,,"62518","443","75",,,,,,,"UDP","f8:a2:d6:73:99:a7","dc:a6:32:3f:a1:c7"
"197","Jun 14, 2023 19:17:33.925369000 +0530","142.250.192.106","192.168.2.17","17",,,"443","62518","129",,,,,,,"UDP","dc:a6:32:3f:a1:c7","f8:a2:d6:73:99:a7"
"198","Jun 14, 2023 19:17:33.927945000 +0530","192.168.2.17","142.250.192.106","17",,,"62518","443","79",,,,,,,"UDP","f8:a2:d6:73:99:a7","dc:a6:32:3f:a1:c7"
"199","Jun 14, 2023 19:17:34.006249000 +0530","142.250.192.106","192.168.2.17","17",,,"443","62518","67",,,,,,,"UDP","dc:a6:32:3f:a1:c7","f8:a2:d6:73:99:a7"
"200","Jun 14, 2023 19:17:34.050099000 +0530","192.168.2.91","192.168.2.62","1",,,,,"98",,,,,,,"ICMP","08:00:27:4a:25:99","84:e3:42:e1:52:c5"
"201","Jun 14, 2023 19:17:34.058725000 +0530","192.168.2.62","192.168.2.91","1",,,,,"98",,,,,,,"ICMP","84:e3:42:e1:52:c5","08:00:27:4a:25:99"
"202","Jun 14, 2023 19:17:34.129281000 +0530","192.168.2.17","142.250.183.197","6","3283","443",,,"60","1","0","0","0","0","0","TCP","f8:a2:d6:73:99:a7","dc:a6:32:3f:a1:c7"
"203","Jun 14, 2023 19:17:34.206373000 +0530","142.250.183.197","192.168.2.17","6","443","3283",,,"66","1","0","0","0","0","0","TCP","dc:a6:32:3f:a1:c7","f8:a2:d6:73:99:a7"
"204","Jun 14, 2023 19:17:35.102087000 +0530","192.168.2.91","192.168.2.62","1",,,,,"98",,,,,,,"ICMP","08:00:27:4a:25:99","84:e3:42:e1:52:c5"
"205","Jun 14, 2023 19:17:35.118418000 +0530","192.168.2.62","192.168.2.91","1",,,,,"98",,,,,,,"ICMP","84:e3:42:e1:52:c5","08:00:27:4a:25:99"
"206","Jun 14, 2023 19:17:36.203014000 +0530","192.168.2.91","192.168.2.62","1",,,,,"98",,,,,,,"ICMP","08:00:27:4a:25:99","84:e3:42:e1:52:c5"
"207","Jun 14, 2023 19:17:36.212142000 +0530","192.168.2.62","192.168.2.91","1",,,,,"98",,,,,,,"ICMP","84:e3:42:e1:52:c5","08:00:27:4a:25:99"
"208","Jun 14, 2023 19:17:37.206173000 +0530","192.168.2.91","192.168.2.62","1",,,,,"98",,,,,,,"ICMP","08:00:27:4a:25:99","84:e3:42:e1:52:c5"
"209","Jun 14, 2023 19:17:37.333384000 +0530",,,,,,,,"60",,,,,,,"ARP","dc:a6:32:3f:a1:c7","ff:ff:ff:ff:ff:ff"
"210","Jun 14, 2023 19:17:37.333385000 +0530",,,,,,,,"60",,,,,,,"ARP","f8:a2:d6:73:99:a7","dc:a6:32:3f:a1:c7"
"211","Jun 14, 2023 19:17:37.336294000 +0530","192.168.2.62","192.168.2.91","1",,,,,"98",,,,,,,"ICMP","84:e3:42:e1:52:c5","08:00:27:4a:25:99"
"212","Jun 14, 2023 19:17:38.209289000 +0530","192.168.2.91","192.168.2.62","1",,,,,"98",,,,,,,"ICMP","08:00:27:4a:25:99","84:e3:42:e1:52:c5"
"213","Jun 14, 2023 19:17:38.215089000 +0530","192.168.2.62","192.168.2.91","1",,,,,"98",,,,,,,"ICMP","84:e3:42:e1:52:c5","08:00:27:4a:25:99"
"214","Jun 14, 2023 19:17:38.266817000 +0530","192.168.2.17","203.23.178.55","6","8675","6568",,,"60","1","0","0","0","0","0","TCP","f8:a2:d6:73:99:a7","dc:a6:32:3f:a1:c7"
"215","Jun 14, 2023 19:17:38.506945000 +0530","203.23.178.55","192.168.2.17","6","6568","8675",,,"66","1","0","0","0","0","0","TCP","dc:a6:32:3f:a1:c7","f8:a2:d6:73:99:a7"
"216","Jun 14, 2023 19:17:39.235993000 +0530","192.168.2.91","192.168.2.62","1",,,,,"98",,,,,,,"ICMP","08:00:27:4a:25:99","84:e3:42:e1:52:c5"
"217","Jun 14, 2023 19:17:39.262169000 +0530","192.168.2.62","192.168.2.91","1",,,,,"98",,,,,,,"ICMP","84:e3:42:e1:52:c5","08:00:27:4a:25:99"
"218","Jun 14, 2023 19:17:39.463457000 +0530","192.168.2.17","152.199.40.67","6","3293","443",,,"60","1","0","0","0","0","0","TCP","f8:a2:d6:73:99:a7","dc:a6:32:3f:a1:c7"
"219","Jun 14, 2023 19:17:39.543429000 +0530","152.199.40.67","192.168.2.17","6","443","3293",,,"66","1","0","0","0","0","0","TCP","dc:a6:32:3f:a1:c7","f8:a2:d6:73:99:a7"
"220","Jun 14, 2023 19:17:40.238168000 +0530","192.168.2.91","192.168.2.62","1",,,,,"98",,,,,,,"ICMP","08:00:27:4a:25:99","84:e3:42:e1:52:c5"
"221","Jun 14, 2023 19:17:40.259299000 +0530","192.168.2.62","192.168.2.91","1",,,,,"98",,,,,,,"ICMP","84:e3:42:e1:52:c5","08:00:27:4a:25:99"
"222","Jun 14, 2023 19:17:41.385084000 +0530","192.168.2.91","192.168.2.62","1",,,,,"98",,,,,,,"ICMP","08:00:27:4a:25:99","84:e3:42:e1:52:c5"
"223","Jun 14, 2023 19:17:41.493525000 +0530","192.168.2.62","192.168.2.91","1",,,,,"98",,,,,,,"ICMP","84:e3:42:e1:52:c5","08:00:27:4a:25:99"
"224","Jun 14, 2023 19:17:42.700337000 +0530","192.168.2.91","192.168.2.62","1",,,,,"98",,,,,,,"ICMP","08:00:27:4a:25:99","84:e3:42:e1:52:c5"
"225","Jun 14, 2023 19:17:42.714794000 +0530","192.168.2.62","192.168.2.91","1",,,,,"98",,,,,,,"ICMP","84:e3:42:e1:52:c5","08:00:27:4a:25:99"
"226","Jun 14, 2023 19:17:42.849317000 +0530","13.107.42.14","192.168.2.17","6","443","8645",,,"100","1","0","0","0","1","0","TLSv1.2","dc:a6:32:3f:a1:c7","f8:a2:d6:73:99:a7"
"227","Jun 14, 2023 19:17:42.855121000 +0530","192.168.2.17","13.107.42.14","6","8645","443",,,"109","1","0","0","0","1","0","TLSv1.2","f8:a2:d6:73:99:a7","dc:a6:32:3f:a1:c7"
"228","Jun 14, 2023 19:17:42.927557000 +0530","13.107.42.14","192.168.2.17","6","443","8645",,,"60","1","0","0","0","0","0","TCP","dc:a6:32:3f:a1:c7","f8:a2:d6:73:99:a7"
"229","Jun 14, 2023 19:17:43.488799000 +0530","192.168.2.62","255.255.255.255","17",,,"59800","6667","214",,,,,,,"UDP","84:e3:42:e1:52:c5","ff:ff:ff:ff:ff:ff"
"230","Jun 14, 2023 19:17:43.706258000 +0530","192.168.2.91","192.168.2.62","1",,,,,"98",,,,,,,"ICMP","08:00:27:4a:25:99","84:e3:42:e1:52:c5"
"231","Jun 14, 2023 19:17:43.715539000 +0530","192.168.2.62","192.168.2.91","1",,,,,"98",,,,,,,"ICMP","84:e3:42:e1:52:c5","08:00:27:4a:25:99"
"232","Jun 14, 2023 19:17:44.709026000 +0530","192.168.2.91","192.168.2.62","1",,,,,"98",,,,,,,"ICMP","08:00:27:4a:25:99","84:e3:42:e1:52:c5"
"233","Jun 14, 2023 19:17:44.721674000 +0530","192.168.2.62","192.168.2.91","1",,,,,"98",,,,,,,"ICMP","84:e3:42:e1:52:c5","08:00:27:4a:25:99"
"234","Jun 14, 2023 19:17:45.269879000 +0530",,,,,,,,"42",,,,,,,"ARP","08:00:27:4a:25:99","84:e3:42:e1:52:c5"
"235","Jun 14, 2023 19:17:45.279588000 +0530",,,,,,,,"60",,,,,,,"ARP","84:e3:42:e1:52:c5","08:00:27:4a:25:99"
"236","Jun 14, 2023 19:17:45.711441000 +0530","192.168.2.91","192.168.2.62","1",,,,,"98",,,,,,,"ICMP","08:00:27:4a:25:99","84:e3:42:e1:52:c5"
"237","Jun 14, 2023 19:17:45.719328000 +0530","192.168.2.62","192.168.2.91","1",,,,,"98",,,,,,,"ICMP","84:e3:42:e1:52:c5","08:00:27:4a:25:99"
"238","Jun 14, 2023 19:17:46.737961000 +0530","192.168.2.91","192.168.2.62","1",,,,,"98",,,,,,,"ICMP","08:00:27:4a:25:99","84:e3:42:e1:52:c5"
"239","Jun 14, 2023 19:17:46.745504000 +0530","192.168.2.62","192.168.2.91","1",,,,,"98",,,,,,,"ICMP","84:e3:42:e1:52:c5","08:00:27:4a:25:99"
"240","Jun 14, 2023 19:17:47.747298000 +0530","192.168.2.91","192.168.2.62","1",,,,,"98",,,,,,,"ICMP","08:00:27:4a:25:99","84:e3:42:e1:52:c5"
"241","Jun 14, 2023 19:17:47.764448000 +0530","192.168.2.62","192.168.2.91","1",,,,,"98",,,,,,,"ICMP","84:e3:42:e1:52:c5","08:00:27:4a:25:99"
"242","Jun 14, 2023 19:17:48.400101000 +0530","192.168.2.62","255.255.255.255","17",,,"59800","6667","214",,,,,,,"UDP","84:e3:42:e1:52:c5","ff:ff:ff:ff:ff:ff"
"243","Jun 14, 2023 19:17:48.511601000 +0530","192.168.2.17","203.23.178.55","6","8675","6568",,,"60","1","0","0","0","0","0","TCP","f8:a2:d6:73:99:a7","dc:a6:32:3f:a1:c7"
"244","Jun 14, 2023 19:17:48.514311000 +0530","203.23.178.55","192.168.2.17","6","6568","8675",,,"60","1","0","0","0","0","0","TCP","dc:a6:32:3f:a1:c7","f8:a2:d6:73:99:a7"
"245","Jun 14, 2023 19:17:48.514312000 +0530","192.168.2.17","203.23.178.55","6","8675","6568",,,"60","1","0","0","0","0","0","TCP","f8:a2:d6:73:99:a7","dc:a6:32:3f:a1:c7"
"246","Jun 14, 2023 19:17:48.625428000 +0530","192.168.2.17","142.250.192.106","17",,,"62518","443","71",,,,,,,"UDP","f8:a2:d6:73:99:a7","dc:a6:32:3f:a1:c7"
"247","Jun 14, 2023 19:17:48.709762000 +0530","203.23.178.55","192.168.2.17","6","6568","8675",,,"66","1","0","0","0","0","0","TCP","dc:a6:32:3f:a1:c7","f8:a2:d6:73:99:a7"
"248","Jun 14, 2023 19:17:48.733006000 +0530","142.250.192.106","192.168.2.17","17",,,"443","62518","67",,,,,,,"UDP","dc:a6:32:3f:a1:c7","f8:a2:d6:73:99:a7"
"249","Jun 14, 2023 19:17:48.752568000 +0530","192.168.2.91","192.168.2.62","1",,,,,"98",,,,,,,"ICMP","08:00:27:4a:25:99","84:e3:42:e1:52:c5"
"250","Jun 14, 2023 19:17:48.762015000 +0530","192.168.2.62","192.168.2.91","1",,,,,"98",,,,,,,"ICMP","84:e3:42:e1:52:c5","08:00:27:4a:25:99"
"251","Jun 14, 2023 19:17:49.757357000 +0530","192.168.2.91","192.168.2.62","1",,,,,"98",,,,,,,"ICMP","08:00:27:4a:25:99","84:e3:42:e1:52:c5"
"252","Jun 14, 2023 19:17:49.768023000 +0530","192.168.2.62","192.168.2.91","1",,,,,"98",,,,,,,"ICMP","84:e3:42:e1:52:c5","08:00:27:4a:25:99"
"253","Jun 14, 2023 19:17:50.760404000 +0530","192.168.2.91","192.168.2.62","1",,,,,"98",,,,,,,"ICMP","08:00:27:4a:25:99","84:e3:42:e1:52:c5"
"254","Jun 14, 2023 19:17:50.767135000 +0530","192.168.2.62","192.168.2.91","1",,,,,"98",,,,,,,"ICMP","84:e3:42:e1:52:c5","08:00:27:4a:25:99"
"255","Jun 14, 2023 19:17:51.767854000 +0530","192.168.2.91","192.168.2.62","1",,,,,"98",,,,,,,"ICMP","08:00:27:4a:25:99","84:e3:42:e1:52:c5"
"256","Jun 14, 2023 19:17:51.780842000 +0530","192.168.2.62","192.168.2.91","1",,,,,"98",,,,,,,"ICMP","84:e3:42:e1:52:c5","08:00:27:4a:25:99"
"257","Jun 14, 2023 19:17:52.779272000 +0530","192.168.2.91","192.168.2.62","1",,,,,"98",,,,,,,"ICMP","08:00:27:4a:25:99","84:e3:42:e1:52:c5"
"258","Jun 14, 2023 19:17:52.786540000 +0530","192.168.2.62","192.168.2.91","1",,,,,"98",,,,,,,"ICMP","84:e3:42:e1:52:c5","08:00:27:4a:25:99"
"259","Jun 14, 2023 19:17:53.273808000 +0530","192.168.2.17","74.125.24.188","6","8650","5228",,,"60","1","0","0","0","0","0","TCP","f8:a2:d6:73:99:a7","dc:a6:32:3f:a1:c7"
"260","Jun 14, 2023 19:17:53.372242000 +0530","74.125.24.188","192.168.2.17","6","5228","8650",,,"66","1","0","0","0","0","0","TCP","dc:a6:32:3f:a1:c7","f8:a2:d6:73:99:a7"
"261","Jun 14, 2023 19:17:53.525674000 +0530","192.168.2.62","255.255.255.255","17",,,"59800","6667","214",,,,,,,"UDP","84:e3:42:e1:52:c5","ff:ff:ff:ff:ff:ff"
"262","Jun 14, 2023 19:17:53.782007000 +0530","192.168.2.91","192.168.2.62","1",,,,,"98",,,,,,,"ICMP","08:00:27:4a:25:99","84:e3:42:e1:52:c5"
"263","Jun 14, 2023 19:17:53.790818000 +0530","192.168.2.62","192.168.2.91","1",,,,,"98",,,,,,,"ICMP","84:e3:42:e1:52:c5","08:00:27:4a:25:99"
"264","Jun 14, 2023 19:17:53.846976000 +0530","142.250.192.106","192.168.2.17","17",,,"443","62518","120",,,,,,,"UDP","dc:a6:32:3f:a1:c7","f8:a2:d6:73:99:a7"
"265","Jun 14, 2023 19:17:53.866559000 +0530","192.168.2.17","142.250.192.106","17",,,"62518","443","75",,,,,,,"UDP","f8:a2:d6:73:99:a7","dc:a6:32:3f:a1:c7"
"266","Jun 14, 2023 19:17:54.789134000 +0530","192.168.2.91","192.168.2.62","1",,,,,"98",,,,,,,"ICMP","08:00:27:4a:25:99","84:e3:42:e1:52:c5"
"267","Jun 14, 2023 19:17:54.813631000 +0530","192.168.2.62","192.168.2.91","1",,,,,"98",,,,,,,"ICMP","84:e3:42:e1:52:c5","08:00:27:4a:25:99"
"268","Jun 14, 2023 19:17:55.791472000 +0530","192.168.2.91","192.168.2.62","1",,,,,"98",,,,,,,"ICMP","08:00:27:4a:25:99","84:e3:42:e1:52:c5"
"269","Jun 14, 2023 19:17:55.800904000 +0530","192.168.2.62","192.168.2.91","1",,,,,"98",,,,,,,"ICMP","84:e3:42:e1:52:c5","08:00:27:4a:25:99"
"270","Jun 14, 2023 19:17:56.792605000 +0530","192.168.2.91","192.168.2.62","1",,,,,"98",,,,,,,"ICMP","08:00:27:4a:25:99","84:e3:42:e1:52:c5"
"271","Jun 14, 2023 19:17:56.802891000 +0530","192.168.2.62","192.168.2.91","1",,,,,"98",,,,,,,"ICMP","84:e3:42:e1:52:c5","08:00:27:4a:25:99"
"272","Jun 14, 2023 19:17:56.881497000 +0530","192.168.2.17","34.111.24.1","6","12159","443",,,"60","1","0","0","0","0","0","TCP","f8:a2:d6:73:99:a7","dc:a6:32:3f:a1:c7"
"273","Jun 14, 2023 19:17:57.826965000 +0530","34.111.24.1","192.168.2.17","6","443","12159",,,"66","1","0","0","0","0","0","TCP","dc:a6:32:3f:a1:c7","f8:a2:d6:73:99:a7"
"274","Jun 14, 2023 19:17:57.841261000 +0530","192.168.2.91","192.168.2.62","1",,,,,"98",,,,,,,"ICMP","08:00:27:4a:25:99","84:e3:42:e1:52:c5"
"275","Jun 14, 2023 19:17:57.849978000 +0530","192.168.2.62","192.168.2.91","1",,,,,"98",,,,,,,"ICMP","84:e3:42:e1:52:c5","08:00:27:4a:25:99"
"276","Jun 14, 2023 19:17:58.444463000 +0530","13.107.42.14","192.168.2.17","6","443","8645",,,"100","1","0","0","0","1","0","TLSv1.2","dc:a6:32:3f:a1:c7","f8:a2:d6:73:99:a7"
"277","Jun 14, 2023 19:17:58.447944000 +0530","192.168.2.17","13.107.42.14","6","8645","443",,,"109","1","0","0","0","1","0","TLSv1.2","f8:a2:d6:73:99:a7","dc:a6:32:3f:a1:c7"
"278","Jun 14, 2023 19:17:58.713860000 +0530","192.168.2.17","203.23.178.55","6","8675","6568",,,"60","1","0","0","0","0","0","TCP","f8:a2:d6:73:99:a7","dc:a6:32:3f:a1:c7"
"279","Jun 14, 2023 19:17:58.749245000 +0530","192.168.2.17","13.107.42.14","6","8645","443",,,"109","1","0","0","0","1","0","TCP","f8:a2:d6:73:99:a7","dc:a6:32:3f:a1:c7"
"280","Jun 14, 2023 19:17:59.025359000 +0530","192.168.2.91","192.168.2.62","1",,,,,"98",,,,,,,"ICMP","08:00:27:4a:25:99","84:e3:42:e1:52:c5"
"281","Jun 14, 2023 19:17:59.032355000 +0530","13.107.42.14","192.168.2.17","6","443","8645",,,"100","1","0","0","0","1","0","TCP","dc:a6:32:3f:a1:c7","f8:a2:d6:73:99:a7"
"282","Jun 14, 2023 19:17:59.032356000 +0530","192.168.2.17","13.107.42.14","6","8645","443",,,"66","1","0","0","0","0","0","TCP","f8:a2:d6:73:99:a7","dc:a6:32:3f:a1:c7"
"283","Jun 14, 2023 19:17:59.032357000 +0530","192.168.2.62","192.168.2.91","1",,,,,"98",,,,,,,"ICMP","84:e3:42:e1:52:c5","08:00:27:4a:25:99"
"284","Jun 14, 2023 19:17:59.061405000 +0530","192.168.2.17","13.107.42.14","6","8645","443",,,"109","1","0","0","0","1","0","TCP","f8:a2:d6:73:99:a7","dc:a6:32:3f:a1:c7"
"285","Jun 14, 2023 19:17:59.678124000 +0530","192.168.2.17","13.107.42.14","6","8645","443",,,"109","1","0","0","0","1","0","TCP","f8:a2:d6:73:99:a7","dc:a6:32:3f:a1:c7"
"286","Jun 14, 2023 19:17:59.702567000 +0530","13.107.42.14","192.168.2.17","6","443","8645",,,"60","1","0","0","0","0","0","TCP","dc:a6:32:3f:a1:c7","f8:a2:d6:73:99:a7"
"287","Jun 14, 2023 19:17:59.826553000 +0530","203.23.178.55","192.168.2.17","6","6568","8675",,,"60","1","0","0","0","0","0","TCP","dc:a6:32:3f:a1:c7","f8:a2:d6:73:99:a7"
"288","Jun 14, 2023 19:17:59.826553000 +0530","192.168.2.17","203.23.178.55","6","8675","6568",,,"60","1","0","0","0","0","0","TCP","f8:a2:d6:73:99:a7","dc:a6:32:3f:a1:c7"
"289","Jun 14, 2023 19:17:59.899517000 +0530","13.107.42.14","192.168.2.17","6","443","8645",,,"66","1","0","0","0","0","0","TCP","dc:a6:32:3f:a1:c7","f8:a2:d6:73:99:a7"
"290","Jun 14, 2023 19:17:59.976604000 +0530","203.23.178.55","192.168.2.17","6","6568","8675",,,"66","1","0","0","0","0","0","TCP","dc:a6:32:3f:a1:c7","f8:a2:d6:73:99:a7"
"291","Jun 14, 2023 19:18:00.178415000 +0530","13.107.42.14","192.168.2.17","6","443","8645",,,"66","1","0","0","0","0","0","TCP","dc:a6:32:3f:a1:c7","f8:a2:d6:73:99:a7"
"292","Jun 14, 2023 19:18:00.405253000 +0530","13.107.42.14","192.168.2.17","6","443","8645",,,"66","1","0","0","0","0","0","TCP","dc:a6:32:3f:a1:c7","f8:a2:d6:73:99:a7"
"293","Jun 14, 2023 19:18:02.567895000 +0530","192.168.2.17","142.251.42.3","17",,,"54951","443","1292",,,,,,,"QUIC","f8:a2:d6:73:99:a7","dc:a6:32:3f:a1:c7"
"294","Jun 14, 2023 19:18:02.567896000 +0530","192.168.2.17","142.251.42.3","17",,,"54951","443","119",,,,,,,"QUIC","f8:a2:d6:73:99:a7","dc:a6:32:3f:a1:c7"
"295","Jun 14, 2023 19:18:02.567896000 +0530","192.168.2.17","142.251.42.3","17",,,"54951","443","827",,,,,,,"QUIC","f8:a2:d6:73:99:a7","dc:a6:32:3f:a1:c7"
"296","Jun 14, 2023 19:18:02.885569000 +0530","192.168.2.17","142.251.42.3","17",,,"54951","443","1292",,,,,,,"QUIC","f8:a2:d6:73:99:a7","dc:a6:32:3f:a1:c7"
"297","Jun 14, 2023 19:18:03.121372000 +0530","142.250.183.74","192.168.2.17","6","443","8635",,,"101","1","0","0","0","1","0","TLSv1.2","dc:a6:32:3f:a1:c7","f8:a2:d6:73:99:a7"
"298","Jun 14, 2023 19:18:03.161734000 +0530","192.168.2.17","142.250.183.74","6","8635","443",,,"60","1","0","0","0","0","0","TCP","f8:a2:d6:73:99:a7","dc:a6:32:3f:a1:c7"
"299","Jun 14, 2023 19:18:03.523550000 +0530","192.168.2.17","142.251.42.3","17",,,"54951","443","1292",,,,,,,"QUIC","f8:a2:d6:73:99:a7","dc:a6:32:3f:a1:c7"
"300","Jun 14, 2023 19:18:03.568072000 +0530","192.168.2.62","255.255.255.255","17",,,"59800","6667","214",,,,,,,"UDP","84:e3:42:e1:52:c5","ff:ff:ff:ff:ff:ff"
"301","Jun 14, 2023 19:18:03.568073000 +0530","192.168.2.17","13.107.42.14","6","8645","443",,,"1454","1","0","0","0","0","0","TCP","f8:a2:d6:73:99:a7","dc:a6:32:3f:a1:c7"
"302","Jun 14, 2023 19:18:03.690449000 +0530","142.250.183.74","192.168.2.17","6","443","8635",,,"101","1","0","0","0","1","0","TCP","dc:a6:32:3f:a1:c7","f8:a2:d6:73:99:a7"
"303","Jun 14, 2023 19:18:03.690449000 +0530","192.168.2.17","142.250.183.74","6","8635","443",,,"66","1","0","0","0","0","0","TCP","f8:a2:d6:73:99:a7","dc:a6:32:3f:a1:c7"
"304","Jun 14, 2023 19:18:03.809473000 +0530","142.251.42.3","192.168.2.17","17",,,"443","54951","1292",,,,,,,"QUIC","dc:a6:32:3f:a1:c7","f8:a2:d6:73:99:a7"
"305","Jun 14, 2023 19:18:03.851868000 +0530","142.251.42.3","192.168.2.17","17",,,"443","54951","1292",,,,,,,"QUIC","dc:a6:32:3f:a1:c7","f8:a2:d6:73:99:a7"
"306","Jun 14, 2023 19:18:03.854180000 +0530","192.168.2.17","142.251.42.3","17",,,"54951","443","121",,,,,,,"QUIC","f8:a2:d6:73:99:a7","dc:a6:32:3f:a1:c7"
"307","Jun 14, 2023 19:18:03.879898000 +0530","192.168.2.17","142.251.42.3","17",,,"54951","443","74",,,,,,,"QUIC","f8:a2:d6:73:99:a7","dc:a6:32:3f:a1:c7"
"308","Jun 14, 2023 19:18:03.935207000 +0530","142.251.42.3","192.168.2.17","17",,,"443","54951","857",,,,,,,"QUIC","dc:a6:32:3f:a1:c7","f8:a2:d6:73:99:a7"
"309","Jun 14, 2023 19:18:03.935208000 +0530","142.251.42.3","192.168.2.17","17",,,"443","54951","193",,,,,,,"QUIC","dc:a6:32:3f:a1:c7","f8:a2:d6:73:99:a7"
"310","Jun 14, 2023 19:18:03.935208000 +0530","142.251.42.3","192.168.2.17","17",,,"443","54951","66",,,,,,,"QUIC","dc:a6:32:3f:a1:c7","f8:a2:d6:73:99:a7"
"311","Jun 14, 2023 19:18:03.935208000 +0530","142.251.42.3","192.168.2.17","17",,,"443","54951","64",,,,,,,"QUIC","dc:a6:32:3f:a1:c7","f8:a2:d6:73:99:a7"
"312","Jun 14, 2023 19:18:03.953288000 +0530","192.168.2.17","142.251.42.3","17",,,"54951","443","73",,,,,,,"QUIC","f8:a2:d6:73:99:a7","dc:a6:32:3f:a1:c7"
"313","Jun 14, 2023 19:18:03.963293000 +0530","192.168.2.17","142.251.42.3","17",,,"54951","443","74",,,,,,,"QUIC","f8:a2:d6:73:99:a7","dc:a6:32:3f:a1:c7"
"314","Jun 14, 2023 19:18:04.111426000 +0530","142.251.42.3","192.168.2.17","17",,,"443","54951","574",,,,,,,"QUIC","dc:a6:32:3f:a1:c7","f8:a2:d6:73:99:a7"
"315","Jun 14, 2023 19:18:04.111427000 +0530","142.251.42.3","192.168.2.17","17",,,"443","54951","65",,,,,,,"QUIC","dc:a6:32:3f:a1:c7","f8:a2:d6:73:99:a7"
"316","Jun 14, 2023 19:18:04.111427000 +0530","192.168.2.17","142.251.42.3","17",,,"54951","443","77",,,,,,,"QUIC","f8:a2:d6:73:99:a7","dc:a6:32:3f:a1:c7"
"317","Jun 14, 2023 19:18:04.139410000 +0530","192.168.2.17","142.251.42.3","17",,,"54951","443","74",,,,,,,"QUIC","f8:a2:d6:73:99:a7","dc:a6:32:3f:a1:c7"
"318","Jun 14, 2023 19:18:04.209609000 +0530","142.251.42.3","192.168.2.17","17",,,"443","54951","1292",,,,,,,"QUIC","dc:a6:32:3f:a1:c7","f8:a2:d6:73:99:a7"
"319","Jun 14, 2023 19:18:04.209610000 +0530","192.168.2.17","142.251.42.3","17",,,"54951","443","159",,,,,,,"QUIC","f8:a2:d6:73:99:a7","dc:a6:32:3f:a1:c7"
"320","Jun 14, 2023 19:18:04.247189000 +0530","142.250.183.74","192.168.2.17","6","443","8635",,,"101","1","0","0","0","1","0","TCP","dc:a6:32:3f:a1:c7","f8:a2:d6:73:99:a7"
"321","Jun 14, 2023 19:18:04.247190000 +0530","192.168.2.17","142.250.183.74","6","8635","443",,,"66","1","0","0","0","0","0","TCP","f8:a2:d6:73:99:a7","dc:a6:32:3f:a1:c7"
"322","Jun 14, 2023 19:18:04.369184000 +0530","192.168.2.91","192.168.2.43","1",,,,,"98",,,,,,,"ICMP","08:00:27:4a:25:99","ec:0b:ae:fc:37:00"
"323","Jun 14, 2023 19:18:04.450064000 +0530","142.251.42.3","192.168.2.17","17",,,"443","54951","1292",,,,,,,"QUIC","dc:a6:32:3f:a1:c7","f8:a2:d6:73:99:a7"
"324","Jun 14, 2023 19:18:04.454004000 +0530","192.168.2.17","142.251.42.3","17",,,"54951","443","163",,,,,,,"QUIC","f8:a2:d6:73:99:a7","dc:a6:32:3f:a1:c7"
"325","Jun 14, 2023 19:18:04.593420000 +0530",,,,,,,,"60",,,,,,,"ARP","ec:0b:ae:fc:37:00","ff:ff:ff:ff:ff:ff"
"326","Jun 14, 2023 19:18:04.593463000 +0530",,,,,,,,"42",,,,,,,"ARP","08:00:27:4a:25:99","ec:0b:ae:fc:37:00"
"327","Jun 14, 2023 19:18:04.598266000 +0530","192.168.2.43","192.168.2.91","1",,,,,"98",,,,,,,"ICMP","ec:0b:ae:fc:37:00","08:00:27:4a:25:99"
"328","Jun 14, 2023 19:18:04.816778000 +0530","142.251.42.3","192.168.2.17","17",,,"443","54951","1292",,,,,,,"QUIC","dc:a6:32:3f:a1:c7","f8:a2:d6:73:99:a7"
"329","Jun 14, 2023 19:18:04.821149000 +0530","192.168.2.17","142.251.42.3","17",,,"54951","443","167",,,,,,,"QUIC","f8:a2:d6:73:99:a7","dc:a6:32:3f:a1:c7"
"330","Jun 14, 2023 19:18:04.821150000 +0530","13.107.42.14","192.168.2.17","6","443","8645",,,"60","1","0","0","0","0","0","TCP","dc:a6:32:3f:a1:c7","f8:a2:d6:73:99:a7"
"331","Jun 14, 2023 19:18:04.821150000 +0530","192.168.2.17","13.107.42.14","6","8645","443",,,"2854","1","0","0","0","0","0","TCP","f8:a2:d6:73:99:a7","dc:a6:32:3f:a1:c7"
"332","Jun 14, 2023 19:18:05.005849000 +0530","142.251.42.3","192.168.2.17","17",,,"443","54951","164",,,,,,,"QUIC","dc:a6:32:3f:a1:c7","f8:a2:d6:73:99:a7"
"333","Jun 14, 2023 19:18:05.005850000 +0530","192.168.2.17","142.251.42.3","17",,,"54951","443","79",,,,,,,"QUIC","f8:a2:d6:73:99:a7","dc:a6:32:3f:a1:c7"
"334","Jun 14, 2023 19:18:05.065575000 +0530","142.251.42.3","192.168.2.17","17",,,"443","54951","67",,,,,,,"QUIC","dc:a6:32:3f:a1:c7","f8:a2:d6:73:99:a7"
"335","Jun 14, 2023 19:18:05.182897000 +0530","142.251.42.3","192.168.2.17","17",,,"443","54951","69",,,,,,,"QUIC","dc:a6:32:3f:a1:c7","f8:a2:d6:73:99:a7"
"336","Jun 14, 2023 19:18:05.279306000 +0530","192.168.2.17","13.107.42.14","6","8645","443",,,"1454","1","0","0","0","1","0","TCP","f8:a2:d6:73:99:a7","dc:a6:32:3f:a1:c7"
"337","Jun 14, 2023 19:18:05.386522000 +0530","142.251.42.3","192.168.2.17","17",,,"443","54951","71",,,,,,,"QUIC","dc:a6:32:3f:a1:c7","f8:a2:d6:73:99:a7"
"338","Jun 14, 2023 19:18:05.414960000 +0530","192.168.2.91","192.168.2.43","1",,,,,"98",,,,,,,"ICMP","08:00:27:4a:25:99","ec:0b:ae:fc:37:00"
"339","Jun 14, 2023 19:18:05.437715000 +0530","192.168.2.43","192.168.2.91","1",,,,,"98",,,,,,,"ICMP","ec:0b:ae:fc:37:00","08:00:27:4a:25:99"
"340","Jun 14, 2023 19:18:05.729780000 +0530","142.251.42.3","192.168.2.17","17",,,"443","54951","73",,,,,,,"QUIC","dc:a6:32:3f:a1:c7","f8:a2:d6:73:99:a7"
"341","Jun 14, 2023 19:18:05.729781000 +0530","13.107.42.14","192.168.2.17","6","443","8645",,,"60","1","0","0","0","0","0","TCP","dc:a6:32:3f:a1:c7","f8:a2:d6:73:99:a7"
"342","Jun 14, 2023 19:18:05.729781000 +0530","192.168.2.17","13.107.42.14","6","8645","443",,,"716","1","0","0","0","1","0","TCP","f8:a2:d6:73:99:a7","dc:a6:32:3f:a1:c7"
"343","Jun 14, 2023 19:18:05.899351000 +0530","13.107.42.14","192.168.2.17","6","443","8645",,,"66","1","0","0","0","0","0","TCP","dc:a6:32:3f:a1:c7","f8:a2:d6:73:99:a7"
"344","Jun 14, 2023 19:18:05.899352000 +0530","13.107.42.14","192.168.2.17","6","443","8645",,,"264","1","0","0","0","1","0","TLSv1.2","dc:a6:32:3f:a1:c7","f8:a2:d6:73:99:a7"
"345","Jun 14, 2023 19:18:05.899352000 +0530","13.107.42.14","192.168.2.17","6","443","8645",,,"66","1","0","0","0","0","0","TCP","dc:a6:32:3f:a1:c7","f8:a2:d6:73:99:a7"
"346","Jun 14, 2023 19:18:05.938744000 +0530","192.168.2.17","13.107.42.14","6","8645","443",,,"60","1","0","0","0","0","0","TCP","f8:a2:d6:73:99:a7","dc:a6:32:3f:a1:c7"
"347","Jun 14, 2023 19:18:06.063889000 +0530","13.107.42.14","192.168.2.17","6","443","8645",,,"264","1","0","0","0","1","0","TCP","dc:a6:32:3f:a1:c7","f8:a2:d6:73:99:a7"
"348","Jun 14, 2023 19:18:06.063890000 +0530","192.168.2.17","13.107.42.14","6","8645","443",,,"66","1","0","0","0","0","0","TCP","f8:a2:d6:73:99:a7","dc:a6:32:3f:a1:c7"
"349","Jun 14, 2023 19:18:06.429220000 +0530","192.168.2.91","192.168.2.43","1",,,,,"98",,,,,,,"ICMP","08:00:27:4a:25:99","ec:0b:ae:fc:37:00"
"350","Jun 14, 2023 19:18:06.434902000 +0530","192.168.2.43","192.168.2.91","1",,,,,"98",,,,,,,"ICMP","ec:0b:ae:fc:37:00","08:00:27:4a:25:99"
"351","Jun 14, 2023 19:18:07.435047000 +0530","192.168.2.91","192.168.2.43","1",,,,,"98",,,,,,,"ICMP","08:00:27:4a:25:99","ec:0b:ae:fc:37:00"
"352","Jun 14, 2023 19:18:07.457480000 +0530","192.168.2.43","192.168.2.91","1",,,,,"98",,,,,,,"ICMP","ec:0b:ae:fc:37:00","08:00:27:4a:25:99"
"353","Jun 14, 2023 19:18:08.468512000 +0530","192.168.2.91","192.168.2.43","1",,,,,"98",,,,,,,"ICMP","08:00:27:4a:25:99","ec:0b:ae:fc:37:00"
"354","Jun 14, 2023 19:18:08.479989000 +0530","192.168.2.62","255.255.255.255","17",,,"59800","6667","214",,,,,,,"UDP","84:e3:42:e1:52:c5","ff:ff:ff:ff:ff:ff"
"355","Jun 14, 2023 19:18:08.586455000 +0530","192.168.2.43","192.168.2.91","1",,,,,"98",,,,,,,"ICMP","ec:0b:ae:fc:37:00","08:00:27:4a:25:99"
"356","Jun 14, 2023 19:18:08.859077000 +0530","192.168.2.17","142.250.192.106","17",,,"62518","443","71",,,,,,,"UDP","f8:a2:d6:73:99:a7","dc:a6:32:3f:a1:c7"
"357","Jun 14, 2023 19:18:09.001048000 +0530","192.168.2.17","142.250.192.106","17",,,"62518","443","71",,,,,,,"UDP","f8:a2:d6:73:99:a7","dc:a6:32:3f:a1:c7"
"358","Jun 14, 2023 19:18:09.279518000 +0530","192.168.2.17","142.250.192.106","17",,,"62518","443","71",,,,,,,"UDP","f8:a2:d6:73:99:a7","dc:a6:32:3f:a1:c7"
"359","Jun 14, 2023 19:18:09.421924000 +0530","192.168.2.17","142.250.192.106","17",,,"55558","443","1292",,,,,,,"UDP","f8:a2:d6:73:99:a7","dc:a6:32:3f:a1:c7"
"360","Jun 14, 2023 19:18:09.473299000 +0530","192.168.2.91","192.168.2.43","1",,,,,"98",,,,,,,"ICMP","08:00:27:4a:25:99","ec:0b:ae:fc:37:00"
"361","Jun 14, 2023 19:18:09.508995000 +0530","192.168.2.43","192.168.2.91","1",,,,,"98",,,,,,,"ICMP","ec:0b:ae:fc:37:00","08:00:27:4a:25:99"
"362","Jun 14, 2023 19:18:09.589918000 +0530",,,,,,,,"42",,,,,,,"ARP","08:00:27:4a:25:99","ec:0b:ae:fc:37:00"
"363","Jun 14, 2023 19:18:09.610137000 +0530",,,,,,,,"60",,,,,,,"ARP","ec:0b:ae:fc:37:00","08:00:27:4a:25:99"
"364","Jun 14, 2023 19:18:09.688320000 +0530","142.250.192.106","192.168.2.17","17",,,"443","62518","67",,,,,,,"UDP","dc:a6:32:3f:a1:c7","f8:a2:d6:73:99:a7"
"365","Jun 14, 2023 19:18:09.691528000 +0530","192.168.2.17","142.250.192.106","17",,,"62518","443","71",,,,,,,"UDP","f8:a2:d6:73:99:a7","dc:a6:32:3f:a1:c7"
"366","Jun 14, 2023 19:18:09.720100000 +0530","192.168.2.17","142.250.192.106","17",,,"55558","443","1292",,,,,,,"UDP","f8:a2:d6:73:99:a7","dc:a6:32:3f:a1:c7"
"367","Jun 14, 2023 19:18:09.752474000 +0530","142.250.192.106","192.168.2.17","17",,,"443","62518","68",,,,,,,"UDP","dc:a6:32:3f:a1:c7","f8:a2:d6:73:99:a7"
"368","Jun 14, 2023 19:18:09.870655000 +0530","142.250.192.106","192.168.2.17","17",,,"443","62518","70",,,,,,,"UDP","dc:a6:32:3f:a1:c7","f8:a2:d6:73:99:a7"
"369","Jun 14, 2023 19:18:09.978859000 +0530","142.250.192.106","192.168.2.17","17",,,"443","62518","70",,,,,,,"UDP","dc:a6:32:3f:a1:c7","f8:a2:d6:73:99:a7"
"370","Jun 14, 2023 19:18:09.978860000 +0530","142.250.192.106","192.168.2.17","17",,,"443","55558","1292",,,,,,,"UDP","dc:a6:32:3f:a1:c7","f8:a2:d6:73:99:a7"
"371","Jun 14, 2023 19:18:09.983868000 +0530","192.168.2.17","142.250.192.106","17",,,"55558","443","76",,,,,,,"UDP","f8:a2:d6:73:99:a7","dc:a6:32:3f:a1:c7"
"372","Jun 14, 2023 19:18:09.983869000 +0530","192.168.2.17","142.250.192.106","17",,,"55558","443","71",,,,,,,"UDP","f8:a2:d6:73:99:a7","dc:a6:32:3f:a1:c7"
"373","Jun 14, 2023 19:18:09.983869000 +0530","192.168.2.17","203.23.178.55","6","8675","6568",,,"60","1","0","0","0","0","0","TCP","f8:a2:d6:73:99:a7","dc:a6:32:3f:a1:c7"
"374","Jun 14, 2023 19:18:10.104621000 +0530","142.250.192.106","192.168.2.17","17",,,"443","62518","72",,,,,,,"UDP","dc:a6:32:3f:a1:c7","f8:a2:d6:73:99:a7"
"375","Jun 14, 2023 19:18:10.104623000 +0530","142.250.192.106","192.168.2.17","17",,,"443","62518","72",,,,,,,"UDP","dc:a6:32:3f:a1:c7","f8:a2:d6:73:99:a7"
"376","Jun 14, 2023 19:18:10.191224000 +0530","142.250.192.106","192.168.2.17","17",,,"443","55558","1292",,,,,,,"UDP","dc:a6:32:3f:a1:c7","f8:a2:d6:73:99:a7"
"377","Jun 14, 2023 19:18:10.211058000 +0530","192.168.2.17","142.250.192.106","17",,,"55558","443","75",,,,,,,"UDP","f8:a2:d6:73:99:a7","dc:a6:32:3f:a1:c7"
"378","Jun 14, 2023 19:18:10.354431000 +0530","203.23.178.55","192.168.2.17","6","6568","8675",,,"60","1","0","0","0","0","0","TCP","dc:a6:32:3f:a1:c7","f8:a2:d6:73:99:a7"
"379","Jun 14, 2023 19:18:10.354432000 +0530","192.168.2.17","203.23.178.55","6","8675","6568",,,"60","1","0","0","0","0","0","TCP","f8:a2:d6:73:99:a7","dc:a6:32:3f:a1:c7"
"380","Jun 14, 2023 19:18:10.354432000 +0530","142.250.192.106","192.168.2.17","17",,,"443","55558","68",,,,,,,"UDP","dc:a6:32:3f:a1:c7","f8:a2:d6:73:99:a7"
"381","Jun 14, 2023 19:18:10.354432000 +0530","142.250.192.106","192.168.2.17","17",,,"443","55558","88",,,,,,,"UDP","dc:a6:32:3f:a1:c7","f8:a2:d6:73:99:a7"
"382","Jun 14, 2023 19:18:10.354432000 +0530","142.250.192.106","192.168.2.17","17",,,"443","55558","68",,,,,,,"UDP","dc:a6:32:3f:a1:c7","f8:a2:d6:73:99:a7"
"383","Jun 14, 2023 19:18:10.372387000 +0530","192.168.2.17","142.250.192.106","17",,,"55558","443","75",,,,,,,"UDP","f8:a2:d6:73:99:a7","dc:a6:32:3f:a1:c7"
"384","Jun 14, 2023 19:18:10.411551000 +0530","203.23.178.55","192.168.2.17","6","6568","8675",,,"66","1","0","0","0","0","0","TCP","dc:a6:32:3f:a1:c7","f8:a2:d6:73:99:a7"
"385","Jun 14, 2023 19:18:10.526885000 +0530","192.168.2.91","192.168.2.43","1",,,,,"98",,,,,,,"ICMP","08:00:27:4a:25:99","ec:0b:ae:fc:37:00"
"386","Jun 14, 2023 19:18:10.632148000 +0530","192.168.2.43","192.168.2.91","1",,,,,"98",,,,,,,"ICMP","ec:0b:ae:fc:37:00","08:00:27:4a:25:99"
"387","Jun 14, 2023 19:18:11.599683000 +0530","192.168.2.91","192.168.2.43","1",,,,,"98",,,,,,,"ICMP","08:00:27:4a:25:99","ec:0b:ae:fc:37:00"
"388","Jun 14, 2023 19:18:11.610531000 +0530","192.168.2.43","192.168.2.91","1",,,,,"98",,,,,,,"ICMP","ec:0b:ae:fc:37:00","08:00:27:4a:25:99"
"389","Jun 14, 2023 19:18:12.671085000 +0530","192.168.2.91","192.168.2.43","1",,,,,"98",,,,,,,"ICMP","08:00:27:4a:25:99","ec:0b:ae:fc:37:00"
"390","Jun 14, 2023 19:18:12.685305000 +0530","192.168.2.43","192.168.2.91","1",,,,,"98",,,,,,,"ICMP","ec:0b:ae:fc:37:00","08:00:27:4a:25:99"
"391","Jun 14, 2023 19:18:12.692878000 +0530","192.168.2.17","13.33.33.118","6","12163","443",,,"60","1","0","0","0","0","0","TCP","f8:a2:d6:73:99:a7","dc:a6:32:3f:a1:c7"
"392","Jun 14, 2023 19:18:13.397529000 +0530","192.168.2.62","255.255.255.255","17",,,"59800","6667","214",,,,,,,"UDP","84:e3:42:e1:52:c5","ff:ff:ff:ff:ff:ff"
"393","Jun 14, 2023 19:18:13.702031000 +0530","192.168.2.91","192.168.2.43","1",,,,,"98",,,,,,,"ICMP","08:00:27:4a:25:99","ec:0b:ae:fc:37:00"
"394","Jun 14, 2023 19:18:13.809345000 +0530","192.168.2.43","192.168.2.91","1",,,,,"98",,,,,,,"ICMP","ec:0b:ae:fc:37:00","08:00:27:4a:25:99"
"395","Jun 14, 2023 19:18:14.627744000 +0530","13.107.42.14","192.168.2.17","6","443","8645",,,"100","1","0","0","0","1","0","TLSv1.2","dc:a6:32:3f:a1:c7","f8:a2:d6:73:99:a7"
"396","Jun 14, 2023 19:18:14.631217000 +0530","192.168.2.17","13.107.42.14","6","8645","443",,,"109","1","0","0","0","1","0","TLSv1.2","f8:a2:d6:73:99:a7","dc:a6:32:3f:a1:c7"
"397","Jun 14, 2023 19:18:14.755651000 +0530",,,,,,,,"60",,,,,,,"ARP","dc:a6:32:3f:a1:c7","ff:ff:ff:ff:ff:ff"
"398","Jun 14, 2023 19:18:14.755652000 +0530",,,,,,,,"60",,,,,,,"ARP","f8:a2:d6:73:99:a7","dc:a6:32:3f:a1:c7"
"399","Jun 14, 2023 19:18:14.791335000 +0530","13.33.33.118","192.168.2.17","6","443","12163",,,"66","1","0","0","0","0","0","TCP","dc:a6:32:3f:a1:c7","f8:a2:d6:73:99:a7"
"400","Jun 14, 2023 19:18:14.942977000 +0530","192.168.2.91","192.168.2.43","1",,,,,"98",,,,,,,"ICMP","08:00:27:4a:25:99","ec:0b:ae:fc:37:00"
"401","Jun 14, 2023 19:18:15.040095000 +0530","192.168.2.43","192.168.2.91","1",,,,,"98",,,,,,,"ICMP","ec:0b:ae:fc:37:00","08:00:27:4a:25:99"
"402","Jun 14, 2023 19:18:15.174945000 +0530","192.168.2.17","13.107.42.14","6","8645","443",,,"109","1","0","0","0","1","0","TCP","f8:a2:d6:73:99:a7","dc:a6:32:3f:a1:c7"
"403","Jun 14, 2023 19:18:15.946065000 +0530","192.168.2.91","192.168.2.43","1",,,,,"98",,,,,,,"ICMP","08:00:27:4a:25:99","ec:0b:ae:fc:37:00"
"404","Jun 14, 2023 19:18:15.957348000 +0530","192.168.2.43","192.168.2.91","1",,,,,"98",,,,,,,"ICMP","ec:0b:ae:fc:37:00","08:00:27:4a:25:99"
"405","Jun 14, 2023 19:18:16.185838000 +0530","13.107.42.14","192.168.2.17","6","443","8645",,,"100","1","0","0","0","1","0","TCP","dc:a6:32:3f:a1:c7","f8:a2:d6:73:99:a7"
"406","Jun 14, 2023 19:18:16.185839000 +0530","192.168.2.17","13.107.42.14","6","8645","443",,,"66","1","0","0","0","0","0","TCP","f8:a2:d6:73:99:a7","dc:a6:32:3f:a1:c7"
"407","Jun 14, 2023 19:18:16.466185000 +0530","142.250.192.106","192.168.2.17","17",,,"443","55558","121",,,,,,,"UDP","dc:a6:32:3f:a1:c7","f8:a2:d6:73:99:a7"
"408","Jun 14, 2023 19:18:16.482698000 +0530","13.107.42.14","192.168.2.17","6","443","8645",,,"100","1","0","0","0","1","0","TCP","dc:a6:32:3f:a1:c7","f8:a2:d6:73:99:a7"
"409","Jun 14, 2023 19:18:16.482699000 +0530","192.168.2.17","13.107.42.14","6","8645","443",,,"66","1","0","0","0","0","0","TCP","f8:a2:d6:73:99:a7","dc:a6:32:3f:a1:c7"
"410","Jun 14, 2023 19:18:16.485690000 +0530","192.168.2.17","142.250.192.106","17",,,"55558","443","75",,,,,,,"UDP","f8:a2:d6:73:99:a7","dc:a6:32:3f:a1:c7"
"411","Jun 14, 2023 19:18:16.596158000 +0530","192.168.2.17","13.107.42.14","6","8645","443",,,"109","1","0","0","0","1","0","TCP","f8:a2:d6:73:99:a7","dc:a6:32:3f:a1:c7"
"412","Jun 14, 2023 19:18:16.611471000 +0530","142.250.192.106","192.168.2.17","17",,,"443","55558","121",,,,,,,"UDP","dc:a6:32:3f:a1:c7","f8:a2:d6:73:99:a7"
"413","Jun 14, 2023 19:18:16.611473000 +0530","13.107.42.14","192.168.2.17","6","443","8645",,,"60","1","0","0","0","0","0","TCP","dc:a6:32:3f:a1:c7","f8:a2:d6:73:99:a7"
"414","Jun 14, 2023 19:18:16.611473000 +0530","192.168.2.17","142.250.192.106","17",,,"55558","443","76",,,,,,,"UDP","f8:a2:d6:73:99:a7","dc:a6:32:3f:a1:c7"
"415","Jun 14, 2023 19:18:16.822963000 +0530","13.107.42.14","192.168.2.17","6","443","8645",,,"66","1","0","0","0","0","0","TCP","dc:a6:32:3f:a1:c7","f8:a2:d6:73:99:a7"
"416","Jun 14, 2023 19:18:16.822964000 +0530","142.250.192.106","192.168.2.17","17",,,"443","55558","121",,,,,,,"UDP","dc:a6:32:3f:a1:c7","f8:a2:d6:73:99:a7"
"417","Jun 14, 2023 19:18:16.822965000 +0530","142.250.192.106","192.168.2.17","17",,,"443","55558","63",,,,,,,"UDP","dc:a6:32:3f:a1:c7","f8:a2:d6:73:99:a7"
"418","Jun 14, 2023 19:18:16.822965000 +0530","13.107.42.14","192.168.2.17","6","443","8645",,,"66","1","0","0","0","0","0","TCP","dc:a6:32:3f:a1:c7","f8:a2:d6:73:99:a7"
"419","Jun 14, 2023 19:18:16.822965000 +0530","192.168.2.17","142.250.192.106","17",,,"55558","443","78",,,,,,,"UDP","f8:a2:d6:73:99:a7","dc:a6:32:3f:a1:c7"
"420","Jun 14, 2023 19:18:16.826421000 +0530","192.168.2.17","142.250.192.106","17",,,"55558","443","80",,,,,,,"UDP","f8:a2:d6:73:99:a7","dc:a6:32:3f:a1:c7"
"421","Jun 14, 2023 19:18:17.054420000 +0530","192.168.2.91","192.168.2.43","1",,,,,"98",,,,,,,"ICMP","08:00:27:4a:25:99","ec:0b:ae:fc:37:00"
"422","Jun 14, 2023 19:18:17.063765000 +0530","192.168.2.43","192.168.2.91","1",,,,,"98",,,,,,,"ICMP","ec:0b:ae:fc:37:00","08:00:27:4a:25:99"
"423","Jun 14, 2023 19:18:18.058552000 +0530","192.168.2.91","192.168.2.43","1",,,,,"98",,,,,,,"ICMP","08:00:27:4a:25:99","ec:0b:ae:fc:37:00"
"424","Jun 14, 2023 19:18:18.114417000 +0530","192.168.2.43","192.168.2.91","1",,,,,"98",,,,,,,"ICMP","ec:0b:ae:fc:37:00","08:00:27:4a:25:99"
"425","Jun 14, 2023 19:18:18.521264000 +0530","192.168.2.62","255.255.255.255","17",,,"59800","6667","214",,,,,,,"UDP","84:e3:42:e1:52:c5","ff:ff:ff:ff:ff:ff"
"426","Jun 14, 2023 19:18:19.060287000 +0530","192.168.2.91","192.168.2.43","1",,,,,"98",,,,,,,"ICMP","08:00:27:4a:25:99","ec:0b:ae:fc:37:00"
"427","Jun 14, 2023 19:18:19.138784000 +0530","192.168.2.43","192.168.2.91","1",,,,,"98",,,,,,,"ICMP","ec:0b:ae:fc:37:00","08:00:27:4a:25:99"
"428","Jun 14, 2023 19:18:19.238807000 +0530","192.168.2.17","142.250.183.197","6","3283","443",,,"60","1","0","0","0","0","0","TCP","f8:a2:d6:73:99:a7","dc:a6:32:3f:a1:c7"
"429","Jun 14, 2023 19:18:20.070713000 +0530","192.168.2.91","192.168.2.43","1",,,,,"98",,,,,,,"ICMP","08:00:27:4a:25:99","ec:0b:ae:fc:37:00"
"430","Jun 14, 2023 19:18:20.163149000 +0530","192.168.2.43","192.168.2.91","1",,,,,"98",,,,,,,"ICMP","ec:0b:ae:fc:37:00","08:00:27:4a:25:99"
"431","Jun 14, 2023 19:18:20.417241000 +0530","192.168.2.17","203.23.178.55","6","8675","6568",,,"60","1","0","0","0","0","0","TCP","f8:a2:d6:73:99:a7","dc:a6:32:3f:a1:c7"
"432","Jun 14, 2023 19:18:21.116016000 +0530","192.168.2.91","192.168.2.43","1",,,,,"98",,,,,,,"ICMP","08:00:27:4a:25:99","ec:0b:ae:fc:37:00"
"433","Jun 14, 2023 19:18:21.192471000 +0530","192.168.2.43","192.168.2.91","1",,,,,"98",,,,,,,"ICMP","ec:0b:ae:fc:37:00","08:00:27:4a:25:99"
"434","Jun 14, 2023 19:18:21.797943000 +0530","142.250.183.197","192.168.2.17","6","443","3283",,,"66","1","0","0","0","0","0","TCP","dc:a6:32:3f:a1:c7","f8:a2:d6:73:99:a7"
"435","Jun 14, 2023 19:18:22.121696000 +0530","192.168.2.91","192.168.2.43","1",,,,,"98",,,,,,,"ICMP","08:00:27:4a:25:99","ec:0b:ae:fc:37:00"
"436","Jun 14, 2023 19:18:22.213208000 +0530","192.168.2.43","192.168.2.91","1",,,,,"98",,,,,,,"ICMP","ec:0b:ae:fc:37:00","08:00:27:4a:25:99"
"437","Jun 14, 2023 19:18:22.418416000 +0530","192.168.2.17","203.23.178.55","6","8675","6568",,,"60","1","0","0","0","0","0","TCP","f8:a2:d6:73:99:a7","dc:a6:32:3f:a1:c7"
"438","Jun 14, 2023 19:18:23.122822000 +0530","192.168.2.91","192.168.2.43","1",,,,,"98",,,,,,,"ICMP","08:00:27:4a:25:99","ec:0b:ae:fc:37:00"
"439","Jun 14, 2023 19:18:23.233667000 +0530","192.168.2.43","192.168.2.91","1",,,,,"98",,,,,,,"ICMP","ec:0b:ae:fc:37:00","08:00:27:4a:25:99"
"440","Jun 14, 2023 19:18:23.442341000 +0530","192.168.2.62","255.255.255.255","17",,,"59800","6667","214",,,,,,,"UDP","84:e3:42:e1:52:c5","ff:ff:ff:ff:ff:ff"
"441","Jun 14, 2023 19:18:23.499836000 +0530","203.23.178.55","192.168.2.17","6","6568","8675",,,"60","1","0","0","0","0","0","TCP","dc:a6:32:3f:a1:c7","f8:a2:d6:73:99:a7"
"442","Jun 14, 2023 19:18:23.499838000 +0530","192.168.2.17","203.23.178.55","6","8675","6568",,,"60","1","0","0","0","0","0","TCP","f8:a2:d6:73:99:a7","dc:a6:32:3f:a1:c7"
"443","Jun 14, 2023 19:18:23.513160000 +0530","203.23.178.55","192.168.2.17","6","6568","8675",,,"66","1","0","0","0","0","0","TCP","dc:a6:32:3f:a1:c7","f8:a2:d6:73:99:a7"
"444","Jun 14, 2023 19:18:24.133369000 +0530","192.168.2.91","192.168.2.43","1",,,,,"98",,,,,,,"ICMP","08:00:27:4a:25:99","ec:0b:ae:fc:37:00"
"445","Jun 14, 2023 19:18:24.156246000 +0530","192.168.2.43","192.168.2.91","1",,,,,"98",,,,,,,"ICMP","ec:0b:ae:fc:37:00","08:00:27:4a:25:99"
"446","Jun 14, 2023 19:18:24.565929000 +0530","192.168.2.17","152.199.40.67","6","3293","443",,,"60","1","0","0","0","0","0","TCP","f8:a2:d6:73:99:a7","dc:a6:32:3f:a1:c7"
"447","Jun 14, 2023 19:18:24.757900000 +0530","152.199.40.67","192.168.2.17","6","443","3293",,,"111","1","0","0","0","1","0","TLSv1.2","dc:a6:32:3f:a1:c7","f8:a2:d6:73:99:a7"
"448","Jun 14, 2023 19:18:24.759925000 +0530","192.168.2.17","152.199.40.67","6","3293","443",,,"60","1","0","1","0","0","0","TCP","f8:a2:d6:73:99:a7","dc:a6:32:3f:a1:c7"
"449","Jun 14, 2023 19:18:24.763723000 +0530","152.199.40.67","192.168.2.17","6","443","3293",,,"78","1","0","0","0","1","0","TLSv1.2","dc:a6:32:3f:a1:c7","f8:a2:d6:73:99:a7"
"450","Jun 14, 2023 19:18:24.763724000 +0530","192.168.2.17","152.199.40.67","6","3293","443",,,"60","1","0","0","1","0","0","TCP","f8:a2:d6:73:99:a7","dc:a6:32:3f:a1:c7"
"451","Jun 14, 2023 19:18:24.770260000 +0530","152.199.40.67","192.168.2.17","6","443","3293",,,"60","1","0","1","0","0","0","TCP","dc:a6:32:3f:a1:c7","f8:a2:d6:73:99:a7"
"452","Jun 14, 2023 19:18:24.832312000 +0530","152.199.40.67","192.168.2.17","6","443","3293",,,"60","1","0","1","0","0","0","TCP","dc:a6:32:3f:a1:c7","f8:a2:d6:73:99:a7"
"453","Jun 14, 2023 19:18:24.832314000 +0530","152.199.40.67","192.168.2.17","6","443","3293",,,"66","1","0","0","0","0","0","TCP","dc:a6:32:3f:a1:c7","f8:a2:d6:73:99:a7"
"454","Jun 14, 2023 19:18:24.872572000 +0530","152.199.40.67","192.168.2.17","6","443","3293",,,"60","1","0","0","0","0","0","TCP","dc:a6:32:3f:a1:c7","f8:a2:d6:73:99:a7"
"455","Jun 14, 2023 19:18:25.140954000 +0530","192.168.2.91","192.168.2.43","1",,,,,"98",,,,,,,"ICMP","08:00:27:4a:25:99","ec:0b:ae:fc:37:00"
"456","Jun 14, 2023 19:18:25.292263000 +0530","192.168.2.43","192.168.2.91","1",,,,,"98",,,,,,,"ICMP","ec:0b:ae:fc:37:00","08:00:27:4a:25:99"
"457","Jun 14, 2023 19:18:26.148040000 +0530","192.168.2.91","192.168.2.43","1",,,,,"98",,,,,,,"ICMP","08:00:27:4a:25:99","ec:0b:ae:fc:37:00"
"458","Jun 14, 2023 19:18:26.205474000 +0530","192.168.2.43","192.168.2.91","1",,,,,"98",,,,,,,"ICMP","ec:0b:ae:fc:37:00","08:00:27:4a:25:99"
"459","Jun 14, 2023 19:18:27.330691000 +0530","192.168.2.91","192.168.2.43","1",,,,,"98",,,,,,,"ICMP","08:00:27:4a:25:99","ec:0b:ae:fc:37:00"
"460","Jun 14, 2023 19:18:27.434866000 +0530","192.168.2.43","192.168.2.91","1",,,,,"98",,,,,,,"ICMP","ec:0b:ae:fc:37:00","08:00:27:4a:25:99"
"461","Jun 14, 2023 19:18:27.944177000 +0530","13.107.42.14","192.168.2.17","6","443","8645",,,"100","1","0","0","0","1","0","TLSv1.2","dc:a6:32:3f:a1:c7","f8:a2:d6:73:99:a7"
"462","Jun 14, 2023 19:18:27.947618000 +0530","192.168.2.17","13.107.42.14","6","8645","443",,,"109","1","0","0","0","1","0","TLSv1.2","f8:a2:d6:73:99:a7","dc:a6:32:3f:a1:c7"
"463","Jun 14, 2023 19:18:28.024587000 +0530","13.107.42.14","192.168.2.17","6","443","8645",,,"60","1","0","0","0","0","0","TCP","dc:a6:32:3f:a1:c7","f8:a2:d6:73:99:a7"
"464","Jun 14, 2023 19:18:28.191725000 +0530","192.168.2.17","192.168.2.1","17",,,"65217","53","75",,,,,,,"DNS","f8:a2:d6:73:99:a7","dc:a6:32:3f:a1:c7"
"465","Jun 14, 2023 19:18:28.191726000 +0530","192.168.2.17","192.168.2.1","17",,,"53081","53","75",,,,,,,"DNS","f8:a2:d6:73:99:a7","dc:a6:32:3f:a1:c7"
"466","Jun 14, 2023 19:18:28.194856000 +0530","192.168.2.1","192.168.2.17","17",,,"53","65217","91",,,,,,,"DNS","dc:a6:32:3f:a1:c7","f8:a2:d6:73:99:a7"
"467","Jun 14, 2023 19:18:28.206902000 +0530","192.168.2.17","142.251.42.3","17",,,"52918","443","1292",,,,,,,"QUIC","f8:a2:d6:73:99:a7","dc:a6:32:3f:a1:c7"
"468","Jun 14, 2023 19:18:28.206903000 +0530","192.168.2.17","142.251.42.3","17",,,"52918","443","119",,,,,,,"QUIC","f8:a2:d6:73:99:a7","dc:a6:32:3f:a1:c7"
"469","Jun 14, 2023 19:18:28.206903000 +0530","192.168.2.17","142.251.42.3","17",,,"52918","443","559",,,,,,,"QUIC","f8:a2:d6:73:99:a7","dc:a6:32:3f:a1:c7"
"470","Jun 14, 2023 19:18:28.231192000 +0530","192.168.2.1","192.168.2.17","17",,,"53","53081","135",,,,,,,"DNS","dc:a6:32:3f:a1:c7","f8:a2:d6:73:99:a7"
"471","Jun 14, 2023 19:18:28.257716000 +0530","192.168.2.17","34.159.202.232","6","8680","7500",,,"60","1","0","0","0","0","0","TCP","f8:a2:d6:73:99:a7","dc:a6:32:3f:a1:c7"
"472","Jun 14, 2023 19:18:28.320598000 +0530","142.251.42.3","192.168.2.17","17",,,"443","52918","1292",,,,,,,"QUIC","dc:a6:32:3f:a1:c7","f8:a2:d6:73:99:a7"
"473","Jun 14, 2023 19:18:28.334454000 +0530","192.168.2.91","192.168.2.43","1",,,,,"98",,,,,,,"ICMP","08:00:27:4a:25:99","ec:0b:ae:fc:37:00"
"474","Jun 14, 2023 19:18:28.357733000 +0530","192.168.2.43","192.168.2.91","1",,,,,"98",,,,,,,"ICMP","ec:0b:ae:fc:37:00","08:00:27:4a:25:99"
"475","Jun 14, 2023 19:18:28.375134000 +0530","142.251.42.3","192.168.2.17","17",,,"443","52918","1292",,,,,,,"QUIC","dc:a6:32:3f:a1:c7","f8:a2:d6:73:99:a7"
"476","Jun 14, 2023 19:18:28.378950000 +0530","192.168.2.17","142.251.42.3","17",,,"52918","443","1292",,,,,,,"QUIC","f8:a2:d6:73:99:a7","dc:a6:32:3f:a1:c7"
"477","Jun 14, 2023 19:18:28.402508000 +0530","192.168.2.17","142.251.42.3","17",,,"52918","443","74",,,,,,,"QUIC","f8:a2:d6:73:99:a7","dc:a6:32:3f:a1:c7"
"478","Jun 14, 2023 19:18:28.402509000 +0530","142.251.42.3","192.168.2.17","17",,,"443","52918","857",,,,,,,"QUIC","dc:a6:32:3f:a1:c7","f8:a2:d6:73:99:a7"
"479","Jun 14, 2023 19:18:28.402509000 +0530","142.251.42.3","192.168.2.17","17",,,"443","52918","193",,,,,,,"QUIC","dc:a6:32:3f:a1:c7","f8:a2:d6:73:99:a7"
"480","Jun 14, 2023 19:18:28.402510000 +0530","142.251.42.3","192.168.2.17","17",,,"443","52918","66",,,,,,,"QUIC","dc:a6:32:3f:a1:c7","f8:a2:d6:73:99:a7"
"481","Jun 14, 2023 19:18:28.402510000 +0530","142.251.42.3","192.168.2.17","17",,,"443","52918","64",,,,,,,"QUIC","dc:a6:32:3f:a1:c7","f8:a2:d6:73:99:a7"
"482","Jun 14, 2023 19:18:28.405741000 +0530","192.168.2.17","142.251.42.3","17",,,"52918","443","73",,,,,,,"QUIC","f8:a2:d6:73:99:a7","dc:a6:32:3f:a1:c7"
"483","Jun 14, 2023 19:18:28.431411000 +0530","192.168.2.17","142.251.42.3","17",,,"52918","443","74",,,,,,,"QUIC","f8:a2:d6:73:99:a7","dc:a6:32:3f:a1:c7"
"484","Jun 14, 2023 19:18:28.478133000 +0530","142.251.42.3","192.168.2.17","17",,,"443","52918","570",,,,,,,"QUIC","dc:a6:32:3f:a1:c7","f8:a2:d6:73:99:a7"
"485","Jun 14, 2023 19:18:28.481375000 +0530","192.168.2.17","142.251.42.3","17",,,"52918","443","77",,,,,,,"QUIC","f8:a2:d6:73:99:a7","dc:a6:32:3f:a1:c7"
"486","Jun 14, 2023 19:18:28.481377000 +0530","142.251.42.3","192.168.2.17","17",,,"443","52918","65",,,,,,,"QUIC","dc:a6:32:3f:a1:c7","f8:a2:d6:73:99:a7"
"487","Jun 14, 2023 19:18:28.498393000 +0530","142.251.42.3","192.168.2.17","17",,,"443","52918","162",,,,,,,"QUIC","dc:a6:32:3f:a1:c7","f8:a2:d6:73:99:a7"
"488","Jun 14, 2023 19:18:28.501394000 +0530","192.168.2.17","142.251.42.3","17",,,"52918","443","73",,,,,,,"QUIC","f8:a2:d6:73:99:a7","dc:a6:32:3f:a1:c7"
"489","Jun 14, 2023 19:18:28.506704000 +0530","34.159.202.232","192.168.2.17","6","7500","8680",,,"66","1","0","0","0","0","0","TCP","dc:a6:32:3f:a1:c7","f8:a2:d6:73:99:a7"
"490","Jun 14, 2023 19:18:28.563448000 +0530","192.168.2.62","255.255.255.255","17",,,"59800","6667","214",,,,,,,"UDP","84:e3:42:e1:52:c5","ff:ff:ff:ff:ff:ff"
"491","Jun 14, 2023 19:18:28.594147000 +0530","142.251.42.3","192.168.2.17","17",,,"443","52918","67",,,,,,,"QUIC","dc:a6:32:3f:a1:c7","f8:a2:d6:73:99:a7"
"492","Jun 14, 2023 19:18:29.337242000 +0530","192.168.2.91","192.168.2.43","1",,,,,"98",,,,,,,"ICMP","08:00:27:4a:25:99","ec:0b:ae:fc:37:00"
"493","Jun 14, 2023 19:18:29.381679000 +0530","192.168.2.43","192.168.2.91","1",,,,,"98",,,,,,,"ICMP","ec:0b:ae:fc:37:00","08:00:27:4a:25:99"
"494","Jun 14, 2023 19:18:30.344524000 +0530","192.168.2.91","192.168.2.43","1",,,,,"98",,,,,,,"ICMP","08:00:27:4a:25:99","ec:0b:ae:fc:37:00"
"495","Jun 14, 2023 19:18:30.407137000 +0530","192.168.2.43","192.168.2.91","1",,,,,"98",,,,,,,"ICMP","ec:0b:ae:fc:37:00","08:00:27:4a:25:99"
"496","Jun 14, 2023 19:18:31.346085000 +0530","192.168.2.91","192.168.2.43","1",,,,,"98",,,,,,,"ICMP","08:00:27:4a:25:99","ec:0b:ae:fc:37:00"
"497","Jun 14, 2023 19:18:31.430346000 +0530","192.168.2.43","192.168.2.91","1",,,,,"98",,,,,,,"ICMP","ec:0b:ae:fc:37:00","08:00:27:4a:25:99"
"498","Jun 14, 2023 19:18:31.478995000 +0530","192.168.2.17","142.250.192.106","17",,,"55558","443","71",,,,,,,"UDP","f8:a2:d6:73:99:a7","dc:a6:32:3f:a1:c7"
"499","Jun 14, 2023 19:18:31.555262000 +0530","142.250.192.106","192.168.2.17","17",,,"443","55558","67",,,,,,,"UDP","dc:a6:32:3f:a1:c7","f8:a2:d6:73:99:a7"
"500","Jun 14, 2023 19:18:31.636644000 +0530","0.0.0.0","255.255.255.255","17",,,"68","67","384",,,,,,,"DHCP","dc:a6:32:3f:a1:c7","ff:ff:ff:ff:ff:ff"
"501","Jun 14, 2023 19:18:32.254876000 +0530","142.250.183.74","192.168.2.17","6","443","8635",,,"157","1","0","0","0","1","0","TLSv1.2","dc:a6:32:3f:a1:c7","f8:a2:d6:73:99:a7"
"502","Jun 14, 2023 19:18:32.291196000 +0530","192.168.2.17","142.250.183.74","6","8635","443",,,"60","1","0","0","0","0","0","TCP","f8:a2:d6:73:99:a7","dc:a6:32:3f:a1:c7"
"503","Jun 14, 2023 19:18:32.350495000 +0530","192.168.2.91","192.168.2.43","1",,,,,"98",,,,,,,"ICMP","08:00:27:4a:25:99","ec:0b:ae:fc:37:00"
"504","Jun 14, 2023 19:18:32.453936000 +0530","192.168.2.43","192.168.2.91","1",,,,,"98",,,,,,,"ICMP","ec:0b:ae:fc:37:00","08:00:27:4a:25:99"
"505","Jun 14, 2023 19:18:33.414551000 +0530","192.168.2.91","192.168.2.43","1",,,,,"98",,,,,,,"ICMP","08:00:27:4a:25:99","ec:0b:ae:fc:37:00"
"506","Jun 14, 2023 19:18:33.479350000 +0530","192.168.2.62","255.255.255.255","17",,,"59800","6667","214",,,,,,,"UDP","84:e3:42:e1:52:c5","ff:ff:ff:ff:ff:ff"
"507","Jun 14, 2023 19:18:33.479352000 +0530","192.168.2.43","192.168.2.91","1",,,,,"98",,,,,,,"ICMP","ec:0b:ae:fc:37:00","08:00:27:4a:25:99"
"508","Jun 14, 2023 19:18:33.519926000 +0530","192.168.2.17","203.23.178.55","6","8675","6568",,,"60","1","0","0","0","0","0","TCP","f8:a2:d6:73:99:a7","dc:a6:32:3f:a1:c7"
"509","Jun 14, 2023 19:18:33.730340000 +0530","203.23.178.55","192.168.2.17","6","6568","8675",,,"66","1","0","0","0","0","0","TCP","dc:a6:32:3f:a1:c7","f8:a2:d6:73:99:a7"
"510","Jun 14, 2023 19:18:35.069791000 +0530","192.168.2.91","192.168.2.43","1",,,,,"98",,,,,,,"ICMP","08:00:27:4a:25:99","ec:0b:ae:fc:37:00"
"511","Jun 14, 2023 19:18:35.075900000 +0530","142.250.192.106","192.168.2.17","17",,,"443","55558","121",,,,,,,"UDP","dc:a6:32:3f:a1:c7","f8:a2:d6:73:99:a7"
"512","Jun 14, 2023 19:18:35.075900000 +0530","142.250.192.106","192.168.2.17","17",,,"443","55558","65",,,,,,,"UDP","dc:a6:32:3f:a1:c7","f8:a2:d6:73:99:a7"
"513","Jun 14, 2023 19:18:35.094275000 +0530","192.168.2.17","142.250.192.106","17",,,"55558","443","75",,,,,,,"UDP","f8:a2:d6:73:99:a7","dc:a6:32:3f:a1:c7"
"514","Jun 14, 2023 19:18:35.115247000 +0530","192.168.2.17","142.250.199.170","17",,,"57652","443","1292",,,,,,,"QUIC","f8:a2:d6:73:99:a7","dc:a6:32:3f:a1:c7"
"515","Jun 14, 2023 19:18:35.115248000 +0530","192.168.2.17","142.250.199.170","17",,,"57652","443","121",,,,,,,"QUIC","f8:a2:d6:73:99:a7","dc:a6:32:3f:a1:c7"
"516","Jun 14, 2023 19:18:35.117339000 +0530","192.168.2.17","142.250.199.170","17",,,"57652","443","537",,,,,,,"QUIC","f8:a2:d6:73:99:a7","dc:a6:32:3f:a1:c7"
"517","Jun 14, 2023 19:18:35.118830000 +0530","192.168.2.43","192.168.2.91","1",,,,,"98",,,,,,,"ICMP","ec:0b:ae:fc:37:00","08:00:27:4a:25:99"
"518","Jun 14, 2023 19:18:35.275653000 +0530","142.250.199.170","192.168.2.17","17",,,"443","57652","1292",,,,,,,"QUIC","dc:a6:32:3f:a1:c7","f8:a2:d6:73:99:a7"
"519","Jun 14, 2023 19:18:35.321432000 +0530","142.250.199.170","192.168.2.17","17",,,"443","57652","1292",,,,,,,"QUIC","dc:a6:32:3f:a1:c7","f8:a2:d6:73:99:a7"
"520","Jun 14, 2023 19:18:35.328378000 +0530","192.168.2.17","142.250.199.170","17",,,"57652","443","1292",,,,,,,"QUIC","f8:a2:d6:73:99:a7","dc:a6:32:3f:a1:c7"
"521","Jun 14, 2023 19:18:35.331740000 +0530","192.168.2.17","142.250.199.170","17",,,"57652","443","121",,,,,,,"QUIC","f8:a2:d6:73:99:a7","dc:a6:32:3f:a1:c7"
"522","Jun 14, 2023 19:18:35.346849000 +0530","142.250.199.170","192.168.2.17","17",,,"443","57652","854",,,,,,,"QUIC","dc:a6:32:3f:a1:c7","f8:a2:d6:73:99:a7"
"523","Jun 14, 2023 19:18:35.351731000 +0530","142.250.199.170","192.168.2.17","17",,,"443","57652","228",,,,,,,"QUIC","dc:a6:32:3f:a1:c7","f8:a2:d6:73:99:a7"
"524","Jun 14, 2023 19:18:35.351732000 +0530","142.250.199.170","192.168.2.17","17",,,"443","57652","66",,,,,,,"QUIC","dc:a6:32:3f:a1:c7","f8:a2:d6:73:99:a7"
"525","Jun 14, 2023 19:18:35.351733000 +0530","192.168.2.17","142.250.199.170","17",,,"57652","443","73",,,,,,,"QUIC","f8:a2:d6:73:99:a7","dc:a6:32:3f:a1:c7"
"526","Jun 14, 2023 19:18:35.379317000 +0530","192.168.2.17","142.250.199.170","17",,,"57652","443","74",,,,,,,"QUIC","f8:a2:d6:73:99:a7","dc:a6:32:3f:a1:c7"
"527","Jun 14, 2023 19:18:35.426841000 +0530","142.250.199.170","192.168.2.17","17",,,"443","57652","64",,,,,,,"QUIC","dc:a6:32:3f:a1:c7","f8:a2:d6:73:99:a7"
"528","Jun 14, 2023 19:18:35.426842000 +0530","192.168.2.17","142.250.199.170","17",,,"57652","443","75",,,,,,,"QUIC","f8:a2:d6:73:99:a7","dc:a6:32:3f:a1:c7"
"529","Jun 14, 2023 19:18:35.426843000 +0530","142.250.199.170","192.168.2.17","17",,,"443","57652","163",,,,,,,"QUIC","dc:a6:32:3f:a1:c7","f8:a2:d6:73:99:a7"
"530","Jun 14, 2023 19:18:35.429084000 +0530","192.168.2.17","142.250.199.170","17",,,"57652","443","74",,,,,,,"QUIC","f8:a2:d6:73:99:a7","dc:a6:32:3f:a1:c7"
"531","Jun 14, 2023 19:18:35.483689000 +0530","142.250.199.170","192.168.2.17","17",,,"443","57652","242",,,,,,,"QUIC","dc:a6:32:3f:a1:c7","f8:a2:d6:73:99:a7"
"532","Jun 14, 2023 19:18:35.483690000 +0530","142.250.199.170","192.168.2.17","17",,,"443","57652","63",,,,,,,"QUIC","dc:a6:32:3f:a1:c7","f8:a2:d6:73:99:a7"
"533","Jun 14, 2023 19:18:35.483690000 +0530","192.168.2.17","142.250.199.170","17",,,"57652","443","77",,,,,,,"QUIC","f8:a2:d6:73:99:a7","dc:a6:32:3f:a1:c7"
"534","Jun 14, 2023 19:18:35.483691000 +0530","192.168.2.17","142.250.192.106","17",,,"55558","443","348",,,,,,,"UDP","f8:a2:d6:73:99:a7","dc:a6:32:3f:a1:c7"
"535","Jun 14, 2023 19:18:35.507232000 +0530","192.168.2.17","142.250.199.170","17",,,"57652","443","74",,,,,,,"QUIC","f8:a2:d6:73:99:a7","dc:a6:32:3f:a1:c7"
"536","Jun 14, 2023 19:18:35.602238000 +0530","142.250.199.170","192.168.2.17","17",,,"443","57652","68",,,,,,,"QUIC","dc:a6:32:3f:a1:c7","f8:a2:d6:73:99:a7"
"537","Jun 14, 2023 19:18:35.602240000 +0530","142.250.192.106","192.168.2.17","17",,,"443","55558","71",,,,,,,"UDP","dc:a6:32:3f:a1:c7","f8:a2:d6:73:99:a7"
"538","Jun 14, 2023 19:18:35.618856000 +0530","192.168.2.17","142.250.192.106","17",,,"55558","443","75",,,,,,,"UDP","f8:a2:d6:73:99:a7","dc:a6:32:3f:a1:c7"
"539","Jun 14, 2023 19:18:35.841660000 +0530","142.250.192.106","192.168.2.17","17",,,"443","55558","130",,,,,,,"UDP","dc:a6:32:3f:a1:c7","f8:a2:d6:73:99:a7"
"540","Jun 14, 2023 19:18:35.847966000 +0530","192.168.2.17","142.250.192.106","17",,,"55558","443","79",,,,,,,"UDP","f8:a2:d6:73:99:a7","dc:a6:32:3f:a1:c7"
"541","Jun 14, 2023 19:18:35.919083000 +0530","142.250.192.106","192.168.2.17","17",,,"443","55558","67",,,,,,,"UDP","dc:a6:32:3f:a1:c7","f8:a2:d6:73:99:a7"
"542","Jun 14, 2023 19:18:36.072280000 +0530","192.168.2.91","192.168.2.43","1",,,,,"98",,,,,,,"ICMP","08:00:27:4a:25:99","ec:0b:ae:fc:37:00"
"543","Jun 14, 2023 19:18:36.081132000 +0530","192.168.2.43","192.168.2.91","1",,,,,"98",,,,,,,"ICMP","ec:0b:ae:fc:37:00","08:00:27:4a:25:99"
"544","Jun 14, 2023 19:18:37.125880000 +0530","192.168.2.91","192.168.2.43","1",,,,,"98",,,,,,,"ICMP","08:00:27:4a:25:99","ec:0b:ae:fc:37:00"
"545","Jun 14, 2023 19:18:37.137455000 +0530","192.168.2.43","192.168.2.91","1",,,,,"98",,,,,,,"ICMP","ec:0b:ae:fc:37:00","08:00:27:4a:25:99"
"546","Jun 14, 2023 19:18:38.266542000 +0530","192.168.2.91","192.168.2.43","1",,,,,"98",,,,,,,"ICMP","08:00:27:4a:25:99","ec:0b:ae:fc:37:00"
"547","Jun 14, 2023 19:18:38.304655000 +0530","192.168.2.43","192.168.2.91","1",,,,,"98",,,,,,,"ICMP","ec:0b:ae:fc:37:00","08:00:27:4a:25:99"
"548","Jun 14, 2023 19:18:38.395694000 +0530","192.168.2.17","74.125.24.188","6","8650","5228",,,"60","1","0","0","0","0","0","TCP","f8:a2:d6:73:99:a7","dc:a6:32:3f:a1:c7"
"549","Jun 14, 2023 19:18:38.495529000 +0530","74.125.24.188","192.168.2.17","6","5228","8650",,,"66","1","0","0","0","0","0","TCP","dc:a6:32:3f:a1:c7","f8:a2:d6:73:99:a7"
"550","Jun 14, 2023 19:18:38.605924000 +0530","192.168.2.62","255.255.255.255","17",,,"59800","6667","214",,,,,,,"UDP","84:e3:42:e1:52:c5","ff:ff:ff:ff:ff:ff"
"551","Jun 14, 2023 19:18:39.270682000 +0530","192.168.2.91","192.168.2.43","1",,,,,"98",,,,,,,"ICMP","08:00:27:4a:25:99","ec:0b:ae:fc:37:00"
"552","Jun 14, 2023 19:18:39.325571000 +0530","192.168.2.43","192.168.2.91","1",,,,,"98",,,,,,,"ICMP","ec:0b:ae:fc:37:00","08:00:27:4a:25:99"
"553","Jun 14, 2023 19:18:40.274413000 +0530","192.168.2.91","192.168.2.43","1",,,,,"98",,,,,,,"ICMP","08:00:27:4a:25:99","ec:0b:ae:fc:37:00"
"554","Jun 14, 2023 19:18:40.346323000 +0530","192.168.2.43","192.168.2.91","1",,,,,"98",,,,,,,"ICMP","ec:0b:ae:fc:37:00","08:00:27:4a:25:99"
"555","Jun 14, 2023 19:18:42.850316000 +0530","192.168.2.17","34.111.24.1","6","12159","443",,,"60","1","0","0","0","0","0","TCP","f8:a2:d6:73:99:a7","dc:a6:32:3f:a1:c7"
"556","Jun 14, 2023 19:18:42.881157000 +0530","13.107.42.14","192.168.2.17","6","443","8645",,,"100","1","0","0","0","1","0","TLSv1.2","dc:a6:32:3f:a1:c7","f8:a2:d6:73:99:a7"
"557","Jun 14, 2023 19:18:42.884988000 +0530","192.168.2.17","13.107.42.14","6","8645","443",,,"109","1","0","0","0","1","0","TLSv1.2","f8:a2:d6:73:99:a7","dc:a6:32:3f:a1:c7"
"558","Jun 14, 2023 19:18:42.919283000 +0530","34.111.24.1","192.168.2.17","6","443","12159",,,"66","1","0","0","0","0","0","TCP","dc:a6:32:3f:a1:c7","f8:a2:d6:73:99:a7"
"559","Jun 14, 2023 19:18:42.955740000 +0530","13.107.42.14","192.168.2.17","6","443","8645",,,"60","1","0","0","0","0","0","TCP","dc:a6:32:3f:a1:c7","f8:a2:d6:73:99:a7"
"560","Jun 14, 2023 19:18:43.308793000 +0530","192.168.2.91","192.168.2.1","17",,,"35771","53","88",,,,,,,"DNS","08:00:27:4a:25:99","dc:a6:32:3f:a1:c7"
"561","Jun 14, 2023 19:18:43.391534000 +0530","192.168.2.1","192.168.2.91","17",,,"53","35771","104",,,,,,,"DNS","dc:a6:32:3f:a1:c7","08:00:27:4a:25:99"
"562","Jun 14, 2023 19:18:43.395223000 +0530","192.168.2.91","34.117.237.239","6","42140","443",,,"74","0","1","0","0","0","0","TCP","08:00:27:4a:25:99","dc:a6:32:3f:a1:c7"
"563","Jun 14, 2023 19:18:43.482844000 +0530","34.117.237.239","192.168.2.91","6","443","42140",,,"74","1","1","0","0","0","0","TCP","dc:a6:32:3f:a1:c7","08:00:27:4a:25:99"
"564","Jun 14, 2023 19:18:43.482927000 +0530","192.168.2.91","34.117.237.239","6","42140","443",,,"66","1","0","0","0","0","0","TCP","08:00:27:4a:25:99","dc:a6:32:3f:a1:c7"
"565","Jun 14, 2023 19:18:43.494042000 +0530","192.168.2.91","34.117.237.239","6","42140","443",,,"729","1","0","0","0","1","0","TLSv1","08:00:27:4a:25:99","dc:a6:32:3f:a1:c7"
"566","Jun 14, 2023 19:18:43.520139000 +0530","192.168.2.62","255.255.255.255","17",,,"59800","6667","214",,,,,,,"UDP","84:e3:42:e1:52:c5","ff:ff:ff:ff:ff:ff"
"567","Jun 14, 2023 19:18:43.579824000 +0530","34.117.237.239","192.168.2.91","6","443","42140",,,"66","1","0","0","0","0","0","TCP","dc:a6:32:3f:a1:c7","08:00:27:4a:25:99"
"568","Jun 14, 2023 19:18:43.644568000 +0530","34.117.237.239","192.168.2.91","6","443","42140",,,"278","1","0","0","0","1","0","TLSv1.3","dc:a6:32:3f:a1:c7","08:00:27:4a:25:99"
"569","Jun 14, 2023 19:18:43.644974000 +0530","192.168.2.91","34.117.237.239","6","42140","443",,,"66","1","0","0","0","0","0","TCP","08:00:27:4a:25:99","dc:a6:32:3f:a1:c7"
"570","Jun 14, 2023 19:18:43.647483000 +0530","192.168.2.91","34.117.237.239","6","42140","443",,,"130","1","0","0","0","1","0","TLSv1.3","08:00:27:4a:25:99","dc:a6:32:3f:a1:c7"
"571","Jun 14, 2023 19:18:43.651980000 +0530","192.168.2.91","34.117.237.239","6","42140","443",,,"236","1","0","0","0","1","0","TLSv1.3","08:00:27:4a:25:99","dc:a6:32:3f:a1:c7"
"572","Jun 14, 2023 19:18:43.652692000 +0530","192.168.2.91","34.117.237.239","6","42140","443",,,"299","1","0","0","0","1","0","TLSv1.3","08:00:27:4a:25:99","dc:a6:32:3f:a1:c7"
"573","Jun 14, 2023 19:18:43.715849000 +0530","34.117.237.239","192.168.2.91","6","443","42140",,,"66","1","0","0","0","0","0","TCP","dc:a6:32:3f:a1:c7","08:00:27:4a:25:99"
"574","Jun 14, 2023 19:18:43.715850000 +0530","34.117.237.239","192.168.2.91","6","443","42140",,,"66","1","0","0","0","0","0","TCP","dc:a6:32:3f:a1:c7","08:00:27:4a:25:99"
"575","Jun 14, 2023 19:18:43.722707000 +0530","34.117.237.239","192.168.2.91","6","443","42140",,,"66","1","0","0","0","0","0","TCP","dc:a6:32:3f:a1:c7","08:00:27:4a:25:99"
"576","Jun 14, 2023 19:18:43.730371000 +0530","34.117.237.239","192.168.2.91","6","443","42140",,,"652","1","0","0","0","1","0","TLSv1.3","dc:a6:32:3f:a1:c7","08:00:27:4a:25:99"
"577","Jun 14, 2023 19:18:43.730372000 +0530","34.117.237.239","192.168.2.91","6","443","42140",,,"97","1","0","0","0","1","0","TLSv1.3","dc:a6:32:3f:a1:c7","08:00:27:4a:25:99"
"578","Jun 14, 2023 19:18:43.731283000 +0530","192.168.2.91","34.117.237.239","6","42140","443",,,"66","1","0","0","0","0","0","TCP","08:00:27:4a:25:99","dc:a6:32:3f:a1:c7"
"579","Jun 14, 2023 19:18:43.739580000 +0530","192.168.2.91","34.117.237.239","6","42140","443",,,"97","1","0","0","0","1","0","TLSv1.3","08:00:27:4a:25:99","dc:a6:32:3f:a1:c7"
"580","Jun 14, 2023 19:18:43.739677000 +0530","192.168.2.17","203.23.178.55","6","8675","6568",,,"60","1","0","0","0","0","0","TCP","f8:a2:d6:73:99:a7","dc:a6:32:3f:a1:c7"
"581","Jun 14, 2023 19:18:43.804849000 +0530","203.23.178.55","192.168.2.17","6","6568","8675",,,"60","1","0","0","0","0","0","TCP","dc:a6:32:3f:a1:c7","f8:a2:d6:73:99:a7"
"582","Jun 14, 2023 19:18:43.804850000 +0530","192.168.2.17","203.23.178.55","6","8675","6568",,,"60","1","0","0","0","0","0","TCP","f8:a2:d6:73:99:a7","dc:a6:32:3f:a1:c7"
"583","Jun 14, 2023 19:18:43.804850000 +0530","34.117.237.239","192.168.2.91","6","443","42140",,,"66","1","0","0","0","0","0","TCP","dc:a6:32:3f:a1:c7","08:00:27:4a:25:99"
"584","Jun 14, 2023 19:18:43.939735000 +0530","34.117.237.239","192.168.2.91","6","443","42140",,,"297","1","0","0","0","1","0","TLSv1.3","dc:a6:32:3f:a1:c7","08:00:27:4a:25:99"
"585","Jun 14, 2023 19:18:43.939736000 +0530","34.117.237.239","192.168.2.91","6","443","42140",,,"109","1","0","0","0","1","0","TLSv1.3","dc:a6:32:3f:a1:c7","08:00:27:4a:25:99"
"586","Jun 14, 2023 19:18:43.939737000 +0530","34.117.237.239","192.168.2.91","6","443","42140",,,"97","1","0","0","0","1","0","TLSv1.3","dc:a6:32:3f:a1:c7","08:00:27:4a:25:99"
"587","Jun 14, 2023 19:18:43.939737000 +0530","203.23.178.55","192.168.2.17","6","6568","8675",,,"66","1","0","0","0","0","0","TCP","dc:a6:32:3f:a1:c7","f8:a2:d6:73:99:a7"
"588","Jun 14, 2023 19:18:43.939737000 +0530","34.117.237.239","192.168.2.91","6","443","42140",,,"105","1","0","0","0","1","0","TLSv1.3","dc:a6:32:3f:a1:c7","08:00:27:4a:25:99"
"589","Jun 14, 2023 19:18:43.944861000 +0530","192.168.2.91","34.117.237.239","6","42140","443",,,"66","1","0","0","0","0","0","TCP","08:00:27:4a:25:99","dc:a6:32:3f:a1:c7"
"590","Jun 14, 2023 19:18:43.945812000 +0530","192.168.2.91","34.117.237.239","6","42140","443",,,"105","1","0","0","0","1","0","TLSv1.3","08:00:27:4a:25:99","dc:a6:32:3f:a1:c7"
"591","Jun 14, 2023 19:18:44.011778000 +0530","34.117.237.239","192.168.2.91","6","443","42140",,,"66","1","0","0","0","0","0","TCP","dc:a6:32:3f:a1:c7","08:00:27:4a:25:99"
"592","Jun 14, 2023 19:18:46.171870000 +0530","192.168.2.91","192.168.2.21","1",,,,,"98",,,,,,,"ICMP","08:00:27:4a:25:99","78:8b:2a:9c:80:1e"
"593","Jun 14, 2023 19:18:46.182068000 +0530","192.168.2.21","192.168.2.91","1",,,,,"98",,,,,,,"ICMP","78:8b:2a:9c:80:1e","08:00:27:4a:25:99"
"594","Jun 14, 2023 19:18:47.175922000 +0530","192.168.2.91","192.168.2.21","1",,,,,"98",,,,,,,"ICMP","08:00:27:4a:25:99","78:8b:2a:9c:80:1e"
"595","Jun 14, 2023 19:18:47.187055000 +0530","192.168.2.21","192.168.2.91","1",,,,,"98",,,,,,,"ICMP","78:8b:2a:9c:80:1e","08:00:27:4a:25:99"
"596","Jun 14, 2023 19:18:48.188435000 +0530","192.168.2.91","192.168.2.21","1",,,,,"98",,,,,,,"ICMP","08:00:27:4a:25:99","78:8b:2a:9c:80:1e"
"597","Jun 14, 2023 19:18:48.194216000 +0530","77.234.45.60","192.168.2.17","6","80","8684",,,"208","1","0","0","0","1","0","TCP","dc:a6:32:3f:a1:c7","f8:a2:d6:73:99:a7"
"598","Jun 14, 2023 19:18:48.194216000 +0530","192.168.2.17","77.234.45.60","6","8684","80",,,"60","1","0","0","0","0","0","TCP","f8:a2:d6:73:99:a7","dc:a6:32:3f:a1:c7"
"599","Jun 14, 2023 19:18:48.194217000 +0530","77.234.45.60","192.168.2.17","6","80","8684",,,"1454","1","0","0","0","0","0","TCP","dc:a6:32:3f:a1:c7","f8:a2:d6:73:99:a7"
"600","Jun 14, 2023 19:18:48.196258000 +0530","192.168.2.21","192.168.2.91","1",,,,,"98",,,,,,,"ICMP","78:8b:2a:9c:80:1e","08:00:27:4a:25:99"
"601","Jun 14, 2023 19:18:48.436928000 +0530","192.168.2.62","255.255.255.255","17",,,"59800","6667","214",,,,,,,"UDP","84:e3:42:e1:52:c5","ff:ff:ff:ff:ff:ff"
"602","Jun 14, 2023 19:18:48.441657000 +0530","77.234.45.60","192.168.2.17","6","80","8684",,,"273","1","0","0","0","1","0","TCP","dc:a6:32:3f:a1:c7","f8:a2:d6:73:99:a7"
"603","Jun 14, 2023 19:18:48.451155000 +0530",,,,,,,,"60",,,,,,,"ARP","dc:a6:32:3f:a1:c7","ff:ff:ff:ff:ff:ff"
"604","Jun 14, 2023 19:18:48.451195000 +0530",,,,,,,,"42",,,,,,,"ARP","08:00:27:4a:25:99","dc:a6:32:3f:a1:c7"
"605","Jun 14, 2023 19:18:48.456425000 +0530","192.168.2.17","77.234.45.60","6","8684","80",,,"360","1","0","0","0","1","0","HTTP","f8:a2:d6:73:99:a7","dc:a6:32:3f:a1:c7"
"606","Jun 14, 2023 19:18:48.707802000 +0530","77.234.45.60","192.168.2.17","6","80","8684",,,"60","1","0","0","0","0","0","TCP","dc:a6:32:3f:a1:c7","f8:a2:d6:73:99:a7"
"607","Jun 14, 2023 19:18:49.213837000 +0530","192.168.2.91","192.168.2.21","1",,,,,"98",,,,,,,"ICMP","08:00:27:4a:25:99","78:8b:2a:9c:80:1e"
"608","Jun 14, 2023 19:18:49.220001000 +0530","192.168.2.21","192.168.2.91","1",,,,,"98",,,,,,,"ICMP","78:8b:2a:9c:80:1e","08:00:27:4a:25:99"
"609","Jun 14, 2023 19:18:50.224257000 +0530","192.168.2.91","192.168.2.21","1",,,,,"98",,,,,,,"ICMP","08:00:27:4a:25:99","78:8b:2a:9c:80:1e"
"610","Jun 14, 2023 19:18:50.231829000 +0530","192.168.2.21","192.168.2.91","1",,,,,"98",,,,,,,"ICMP","78:8b:2a:9c:80:1e","08:00:27:4a:25:99"
"611","Jun 14, 2023 19:18:50.493146000 +0530","192.168.2.17","142.250.192.106","17",,,"55558","443","71",,,,,,,"UDP","f8:a2:d6:73:99:a7","dc:a6:32:3f:a1:c7"
"612","Jun 14, 2023 19:18:50.606822000 +0530","142.250.192.106","192.168.2.17","17",,,"443","55558","67",,,,,,,"UDP","dc:a6:32:3f:a1:c7","f8:a2:d6:73:99:a7"
"613","Jun 14, 2023 19:18:51.227137000 +0530","192.168.2.91","192.168.2.21","1",,,,,"98",,,,,,,"ICMP","08:00:27:4a:25:99","78:8b:2a:9c:80:1e"
"614","Jun 14, 2023 19:18:51.232382000 +0530",,,,,,,,"60",,,,,,,"ARP","78:8b:2a:9c:80:1e","ff:ff:ff:ff:ff:ff"
"615","Jun 14, 2023 19:18:51.232428000 +0530",,,,,,,,"42",,,,,,,"ARP","08:00:27:4a:25:99","78:8b:2a:9c:80:1e"
"616","Jun 14, 2023 19:18:51.238605000 +0530","192.168.2.21","192.168.2.91","1",,,,,"98",,,,,,,"ICMP","78:8b:2a:9c:80:1e","08:00:27:4a:25:99"
"617","Jun 14, 2023 19:18:51.346664000 +0530",,,,,,,,"42",,,,,,,"ARP","08:00:27:4a:25:99","78:8b:2a:9c:80:1e"
"618","Jun 14, 2023 19:18:51.353500000 +0530",,,,,,,,"60",,,,,,,"ARP","78:8b:2a:9c:80:1e","08:00:27:4a:25:99"
"619","Jun 14, 2023 19:18:52.231148000 +0530","192.168.2.91","192.168.2.21","1",,,,,"98",,,,,,,"ICMP","08:00:27:4a:25:99","78:8b:2a:9c:80:1e"
"620","Jun 14, 2023 19:18:52.238393000 +0530","192.168.2.21","192.168.2.91","1",,,,,"98",,,,,,,"ICMP","78:8b:2a:9c:80:1e","08:00:27:4a:25:99"
"621","Jun 14, 2023 19:18:53.236295000 +0530","192.168.2.91","192.168.2.21","1",,,,,"98",,,,,,,"ICMP","08:00:27:4a:25:99","78:8b:2a:9c:80:1e"
"622","Jun 14, 2023 19:18:53.254175000 +0530",,,,,,,,"60",,,,,,,"ARP","dc:a6:32:3f:a1:c7","ff:ff:ff:ff:ff:ff"
"623","Jun 14, 2023 19:18:53.254176000 +0530",,,,,,,,"60",,,,,,,"ARP","f8:a2:d6:73:99:a7","dc:a6:32:3f:a1:c7"
"624","Jun 14, 2023 19:18:53.254177000 +0530","192.168.2.21","192.168.2.91","1",,,,,"98",,,,,,,"ICMP","78:8b:2a:9c:80:1e","08:00:27:4a:25:99"
"625","Jun 14, 2023 19:18:53.558915000 +0530","192.168.2.62","255.255.255.255","17",,,"59800","6667","214",,,,,,,"UDP","84:e3:42:e1:52:c5","ff:ff:ff:ff:ff:ff"
